,Education,Income,Recency,NumDealsPurchases,NumWebPurchases,NumCatalogPurchases,NumStorePurchases,NumWebVisitsMonth,Complain,Response,Age,Total_amount_spent,Total_accept_campaign,Year,children,Status_Divorced,Status_Married,Status_Single,Status_Together
2057,1,42192.0,40,1,2,1,3,4,0,0,72,60,0,2013,0,0,1,0,0
583,2,61794.0,74,2,4,4,10,2,0,0,59,347,0,2013,1,0,1,0,0
772,1,72258.0,28,2,6,9,5,2,0,0,49,1003,0,2013,1,0,0,1,0
2085,2,49912.0,5,4,10,5,7,8,0,1,71,354,1,2012,1,0,0,0,1
889,1,64090.0,8,1,6,9,4,5,0,1,64,481,0,2013,1,0,0,0,1
939,2,57937.0,56,3,4,4,9,3,0,0,38,422,0,2014,1,0,1,0,0
1645,3,25358.0,57,2,1,0,3,6,0,0,73,13,0,2013,1,1,0,0,0
1832,2,84953.0,73,1,3,10,4,2,0,1,67,857,3,2013,0,1,0,0,0
1890,3,59292.0,71,2,3,5,8,3,0,0,70,129,0,2013,1,0,0,0,1
1113,1,70566.0,4,2,6,5,9,3,0,0,52,376,0,2013,1,0,0,1,0
318,1,34421.0,81,1,1,0,2,7,0,0,46,27,0,2013,1,0,1,0,0
1762,3,51012.0,86,1,4,1,4,6,0,0,74,107,0,2013,0,0,1,0,0
1370,2,57420.0,22,3,5,1,6,7,0,0,49,42,1,2013,1,0,0,0,1
812,2,25804.0,34,2,2,0,3,8,0,0,42,47,0,2013,1,0,1,0,0
1725,2,75342.0,38,1,5,2,10,4,0,0,62,359,0,2013,1,0,0,1,0
1654,1,43602.0,45,3,3,1,2,6,0,0,54,49,0,2014,2,0,0,1,0
343,1,84835.0,0,1,4,4,6,1,0,1,50,1001,0,2014,0,1,0,0,0
398,1,42373.0,83,5,2,1,5,5,0,0,46,96,0,2013,2,0,0,1,0
584,1,53863.0,4,3,7,1,7,7,0,0,65,74,1,2014,1,0,0,0,1
1744,3,51569.0,39,4,7,1,7,8,0,1,71,87,1,2013,1,1,0,0,0
1161,1,77142.0,54,1,4,4,8,2,0,0,72,514,0,2013,0,0,1,0,0
292,2,55951.0,62,3,3,6,11,8,0,0,68,133,2,2012,1,0,0,0,1
1242,1,65106.0,55,3,8,3,13,6,0,0,45,183,1,2014,1,0,1,0,0
1128,2,49669.0,97,2,5,1,6,6,0,0,46,160,0,2014,1,0,0,0,1
1041,1,35196.0,68,6,6,1,5,8,0,1,36,422,0,2012,1,0,0,0,1
1187,2,43641.0,50,3,2,1,4,6,0,0,51,82,0,2013,2,0,1,0,0
141,2,65104.0,4,2,3,5,7,7,0,1,44,315,0,2013,1,0,0,0,1
1723,1,37244.0,90,1,1,1,2,7,0,0,65,37,1,2013,2,1,0,0,0
2,1,71613.0,26,1,8,2,10,4,0,0,55,350,0,2013,0,0,0,0,1
1053,2,62845.0,3,11,3,4,10,8,0,0,71,79,1,2012,2,0,1,0,0
576,3,45207.0,64,5,3,1,6,6,0,0,46,12,1,2012,2,0,1,0,0
2104,2,43018.0,46,1,2,2,2,5,0,0,46,98,0,2013,1,0,0,0,1
339,3,59292.0,71,2,3,5,8,3,0,0,70,129,0,2013,1,0,0,0,1
963,1,84219.0,27,1,3,4,10,1,0,0,32,764,0,2014,0,0,1,0,0
265,1,72940.0,13,1,3,3,6,1,0,0,50,799,0,2013,0,0,1,0,0
376,3,33581.0,38,1,1,0,2,8,0,0,51,6,0,2013,2,0,1,0,0
998,1,36130.0,46,6,3,8,4,4,0,1,66,331,1,2013,1,0,0,1,0
439,1,30279.0,13,1,1,0,3,8,0,0,31,27,0,2012,1,0,0,1,0
271,1,33378.0,38,3,2,0,4,7,0,0,57,66,0,2013,2,1,0,0,0
1894,1,29819.0,77,3,3,0,3,6,0,0,49,30,0,2013,1,1,0,0,0
244,1,75027.0,74,2,9,4,6,5,0,0,67,465,0,2013,1,0,1,0,0
1767,1,29760.0,87,4,3,1,4,8,0,0,35,101,0,2012,1,0,0,1,0
1735,3,58086.0,80,2,11,3,7,8,0,0,51,84,0,2013,1,1,0,0,0
855,1,7500.0,94,1,0,0,3,6,0,0,33,15,0,2013,0,0,1,0,0
1027,1,79593.0,70,1,5,6,7,2,0,0,47,1016,1,2014,0,0,1,0,0
607,2,45006.0,90,1,3,1,7,3,0,0,76,104,0,2013,0,1,0,0,0
415,2,49505.0,4,9,10,2,8,8,0,0,49,147,0,2013,2,0,1,0,0
273,1,60714.0,56,2,7,4,10,5,0,1,64,741,0,2013,0,0,0,1,0
2077,2,87000.0,61,1,4,6,7,2,0,0,28,765,0,2012,0,0,1,0,0
250,2,26490.0,92,2,3,1,5,6,0,0,62,165,0,2012,0,0,0,0,1
413,1,80134.0,11,1,2,7,11,5,0,0,26,412,4,2014,0,0,0,0,1
1565,2,27161.0,41,1,1,0,3,7,0,0,34,45,0,2013,1,0,1,0,0
1583,1,74268.0,83,1,4,3,5,2,0,0,65,693,0,2013,0,0,1,0,0
310,2,70893.0,42,1,6,6,10,3,0,0,44,740,0,2013,0,0,0,1,0
1622,3,73059.0,36,1,9,3,13,4,0,0,73,685,0,2013,1,0,0,0,1
2123,0,16005.0,69,3,2,1,2,8,0,0,40,102,0,2012,1,0,1,0,0
425,1,61314.0,1,2,5,5,12,3,0,0,52,630,0,2013,1,0,1,0,0
2163,1,71965.0,21,3,6,3,5,3,0,0,69,641,0,2013,1,0,1,0,0
767,3,6835.0,76,0,0,0,1,20,0,0,63,30,0,2012,1,0,0,0,1
2040,2,81044.0,0,1,5,6,10,1,0,0,73,758,0,2013,0,0,1,0,0
721,2,56962.0,60,7,6,3,5,7,0,0,55,119,0,2013,3,0,1,0,0
1641,3,56551.0,48,3,2,1,4,4,0,0,70,71,0,2014,2,1,0,0,0
1750,1,77981.0,78,3,7,4,7,5,0,0,48,526,0,2013,1,0,1,0,0
1248,3,55158.0,72,4,7,2,5,7,0,1,50,125,0,2012,2,0,1,0,0
2118,3,82333.0,60,1,4,3,10,2,0,1,34,511,1,2013,0,0,1,0,0
526,2,47682.0,80,4,4,3,8,5,0,0,45,359,0,2013,1,1,0,0,0
808,3,65968.0,12,2,5,4,7,3,0,0,50,119,0,2014,1,0,0,0,1
973,2,46779.0,55,1,0,1,2,4,0,0,60,11,0,2013,2,1,0,0,0
182,2,30477.0,16,1,1,1,3,6,0,0,36,19,0,2014,1,0,1,0,0
170,1,28718.0,78,2,2,0,3,8,0,0,38,45,0,2013,1,0,1,0,0
1475,1,19107.0,49,2,1,0,3,7,0,0,40,44,0,2013,1,0,1,0,0
1247,1,68118.0,51,2,8,9,4,6,0,0,57,333,0,2013,1,1,0,0,0
187,1,74068.0,14,1,4,10,9,2,0,0,44,798,0,2013,0,0,1,0,0
619,2,72635.0,54,1,6,8,6,3,0,0,65,591,1,2013,0,0,1,0,0
2007,1,36790.0,14,1,2,1,2,9,0,1,37,63,0,2013,0,0,1,0,0
158,1,55375.0,3,1,1,1,6,2,0,0,43,120,0,2013,1,0,0,0,1
1518,3,82032.0,54,0,4,6,7,1,0,0,72,902,0,2014,0,1,0,0,0
272,3,66313.0,86,2,6,3,12,4,0,0,57,145,0,2013,1,0,0,0,1
614,2,30522.0,6,5,1,2,9,2,0,0,60,147,0,2012,1,0,1,0,0
2130,1,19346.0,26,1,1,0,3,8,0,0,46,20,0,2014,1,1,0,0,0
1103,1,76773.0,79,1,2,2,11,1,0,0,66,640,0,2013,0,1,0,0,0
1170,1,54386.0,8,2,3,2,10,3,0,0,39,193,0,2013,1,0,1,0,0
371,2,46098.0,86,4,3,2,2,8,0,0,45,63,0,2012,2,0,0,1,0
222,1,63887.0,38,5,9,6,12,6,0,0,58,348,0,2012,1,1,0,0,0
593,2,42169.0,20,2,1,0,3,8,0,0,51,11,0,2013,2,0,1,0,0
1922,3,67472.0,93,2,4,2,7,3,0,0,73,252,0,2013,1,0,1,0,0
782,1,40780.0,30,4,7,1,5,9,0,0,44,148,0,2012,1,1,0,0,0
1992,3,28420.0,36,1,1,0,2,6,0,0,53,9,0,2013,1,1,0,0,0
1961,1,55686.0,27,2,6,3,5,4,0,0,54,309,1,2013,1,1,0,0,0
136,0,9548.0,31,2,1,0,3,8,0,0,44,29,0,2012,1,1,0,0,0
518,1,42691.0,48,1,5,1,6,5,0,0,29,179,0,2013,0,0,1,0,0
1572,1,34633.0,31,1,1,0,2,6,0,0,64,7,0,2014,3,0,0,0,1
334,1,30675.0,14,1,1,0,3,8,0,0,48,52,0,2012,1,0,1,0,0
2031,1,49767.0,92,1,5,4,8,4,0,0,29,490,0,2013,0,0,0,1,0
1880,1,42081.0,86,2,6,3,4,6,0,0,38,207,1,2013,1,0,1,0,0
1761,3,25509.0,15,3,3,0,3,9,0,1,46,61,0,2012,1,1,0,0,0
2134,1,65333.0,58,7,9,4,8,6,0,0,47,144,2,2014,1,0,0,1,0
710,1,25851.0,45,2,2,0,3,7,0,0,42,39,0,2013,1,0,0,0,1
15,3,82800.0,23,1,7,6,12,3,0,1,74,309,2,2012,0,0,0,1,0
986,1,64449.0,70,4,5,3,12,4,0,0,31,587,0,2014,1,0,0,1,0
2159,1,41967.0,66,1,1,0,3,4,0,0,39,31,0,2013,2,0,0,1,0
1869,3,69702.0,8,2,7,7,10,4,0,0,69,375,0,2013,1,0,0,0,1
2049,1,59462.0,29,2,9,2,12,7,0,0,70,364,0,2013,1,0,1,0,0
570,2,36959.0,56,2,2,0,3,8,0,0,39,37,0,2013,1,0,1,0,0
654,1,56253.0,83,4,7,2,9,6,0,0,57,88,0,2012,1,0,0,0,1
1067,1,46610.0,4,1,6,1,6,6,0,0,62,179,0,2013,0,0,0,0,1
1171,1,28510.0,72,3,2,0,4,5,0,0,39,47,0,2013,2,1,0,0,0
465,3,49269.0,92,3,7,3,12,7,0,0,49,251,0,2012,1,0,0,0,1
1822,1,44911.0,11,3,4,1,4,7,0,0,61,56,0,2013,1,0,0,0,1
199,1,75922.0,60,1,4,4,9,1,0,0,52,1030,0,2013,0,0,0,1,0
2227,2,69245.0,8,2,6,5,10,3,0,0,64,415,0,2014,1,0,0,0,1
1453,1,57957.0,24,7,4,6,8,3,1,0,61,347,0,2013,1,0,0,0,1
2200,2,41769.0,31,6,8,1,7,8,0,0,65,219,0,2013,1,1,0,0,0
1862,1,69932.0,97,2,7,6,11,4,0,0,56,637,0,2013,1,1,0,0,0
1366,3,56242.0,72,5,8,4,11,6,0,0,51,282,0,2013,1,0,1,0,0
1084,3,39190.0,91,2,2,1,4,5,0,0,46,65,0,2014,1,0,0,1,0
1714,3,82571.0,28,0,6,5,13,2,0,0,58,825,1,2014,0,1,0,0,0
1573,2,78093.0,53,1,4,7,5,1,0,0,73,737,0,2013,0,0,0,0,1
1132,1,49678.0,81,2,6,2,4,7,0,0,59,86,0,2013,1,0,1,0,0
591,2,17459.0,12,3,3,1,2,7,0,1,45,63,0,2013,1,0,0,0,1
1190,2,70091.0,11,2,5,2,10,8,0,0,51,197,1,2013,1,0,1,0,0
1697,2,58656.0,25,4,7,8,13,6,0,0,64,258,1,2012,1,0,0,0,1
1719,2,74881.0,48,4,9,2,12,5,0,0,59,459,0,2013,2,0,0,0,1
1610,1,69139.0,23,1,4,1,5,4,0,0,55,141,0,2014,1,0,1,0,0
2089,2,81929.0,60,2,4,4,10,6,0,1,44,567,2,2012,1,0,1,0,0
1933,1,23763.0,64,1,1,0,3,7,0,0,43,20,0,2012,1,0,0,1,0
43,3,51381.5,80,1,1,3,4,2,0,0,61,105,0,2013,0,0,0,1,0
1255,2,73450.0,85,1,7,8,11,3,0,0,38,662,2,2013,0,0,0,0,1
274,2,77882.0,29,1,3,3,5,1,0,0,39,750,0,2014,0,0,0,0,1
2022,1,67225.0,4,3,7,2,11,5,0,0,65,553,0,2013,1,0,1,0,0
101,3,34554.0,43,2,2,0,3,6,0,0,61,14,0,2014,1,0,0,1,0
1552,1,39922.0,30,2,3,0,4,8,0,0,37,127,0,2013,1,0,1,0,0
2056,1,67046.0,92,2,4,5,4,2,0,0,69,449,0,2013,1,1,0,0,0
1200,1,18351.0,1,1,2,0,3,7,0,0,30,42,0,2013,0,0,1,0,0
107,1,52413.0,56,4,6,4,12,6,0,0,51,615,0,2013,2,0,1,0,0
997,3,36930.0,50,5,5,2,4,8,0,0,66,74,0,2013,1,0,1,0,0
497,2,48330.0,2,1,1,0,3,5,0,0,59,4,0,2013,1,0,0,0,1
2217,1,57967.0,39,5,4,2,8,5,0,0,58,239,0,2013,1,0,0,1,0
990,1,26091.0,84,3,2,1,3,5,0,0,63,74,0,2014,2,0,0,0,1
1553,2,49681.0,66,6,7,1,7,7,0,0,44,47,0,2013,2,0,1,0,0
1064,1,70713.0,23,6,5,6,8,3,0,0,54,741,0,2012,1,0,0,0,1
1718,0,23529.0,67,1,1,1,2,6,0,0,55,45,0,2013,1,0,0,1,0
1512,3,87188.0,73,1,10,2,6,3,0,1,37,1013,0,2013,0,0,0,1,0
1337,1,33249.0,11,2,2,1,3,6,0,0,45,106,0,2013,1,0,0,1,0
1566,1,42014.0,56,6,7,1,6,8,0,1,43,192,0,2012,1,0,1,0,0
2043,1,76320.0,49,2,6,3,4,2,0,0,61,406,0,2014,1,1,0,0,0
891,3,37087.0,50,3,4,2,8,6,0,0,46,207,0,2013,1,0,1,0,0
1424,1,92533.0,84,1,6,5,11,2,0,0,35,438,2,2013,0,0,1,0,0
712,1,45160.0,9,1,1,0,2,7,0,0,62,13,0,2014,2,0,0,1,0
72,1,65031.0,29,4,10,3,13,7,0,0,61,605,0,2013,1,0,1,0,0
500,2,50943.0,49,1,1,0,3,5,0,0,64,15,0,2013,1,0,0,0,1
1463,1,34380.0,68,4,4,1,3,8,0,0,43,103,0,2013,1,0,1,0,0
1410,1,36026.0,34,2,2,0,3,6,0,0,48,41,0,2014,3,0,1,0,0
2054,1,42554.0,93,2,2,0,3,4,0,0,42,12,0,2013,2,0,0,0,1
481,3,78825.0,35,1,5,10,13,3,0,1,56,412,0,2012,0,1,0,0,0
1293,1,94384.0,62,0,5,8,5,2,0,1,67,1191,3,2013,0,0,0,0,1
506,3,39665.0,97,3,4,2,3,7,0,0,39,89,1,2013,1,0,0,0,1
1005,1,30168.0,51,7,6,1,4,9,0,0,42,125,0,2013,1,0,0,1,0
1402,3,69389.0,17,1,7,2,12,4,0,0,43,375,0,2012,1,0,1,0,0
1505,1,79529.0,1,1,4,8,9,2,0,0,34,1215,0,2014,0,0,1,0,0
2222,1,26816.0,50,1,0,0,3,4,0,0,34,17,0,2012,0,0,0,1,0
1094,2,54210.0,18,2,4,1,7,5,0,0,41,297,0,2013,1,0,1,0,0
1821,1,29236.0,30,2,4,0,3,9,0,0,33,62,0,2013,1,0,0,1,0
962,1,44010.0,46,6,10,2,6,9,0,0,40,476,0,2012,1,0,0,0,1
1731,1,55761.0,97,2,4,1,3,6,0,0,56,48,1,2014,1,0,0,0,1
2198,0,14918.0,52,1,1,0,3,6,0,0,57,40,0,2012,1,0,0,0,1
311,1,54198.0,13,6,3,1,6,4,0,0,54,50,0,2013,2,0,1,0,0
1121,0,16581.0,51,1,0,0,3,4,0,0,35,23,0,2013,0,0,0,1,0
405,1,50437.0,28,3,7,1,8,7,0,0,57,120,0,2012,2,0,1,0,0
2079,1,30828.0,16,2,1,1,4,3,0,0,40,40,0,2013,1,0,0,1,0
1521,1,19740.0,65,2,1,1,3,5,0,0,60,48,0,2013,1,0,0,0,1
1259,3,53378.0,41,10,9,4,6,8,0,1,57,304,0,2012,2,0,1,0,0
2157,2,91172.0,94,0,4,3,7,3,0,1,30,930,4,2013,0,0,0,1,0
1381,1,75507.0,56,1,8,6,6,3,0,0,41,731,0,2014,0,0,0,0,1
309,1,51381.5,69,1,6,5,12,3,0,0,31,750,2,2013,0,0,1,0,0
226,3,79930.0,72,1,3,5,8,2,0,0,48,961,0,2012,0,0,1,0,0
743,3,83443.0,89,1,6,10,5,2,0,0,48,979,0,2013,0,0,0,0,1
806,2,52750.0,72,6,5,7,9,4,0,0,65,467,0,2013,1,0,1,0,0
2059,1,31761.0,96,2,3,0,4,5,0,0,36,79,0,2014,1,0,1,0,0
1927,3,54998.0,3,5,4,2,9,4,0,1,64,301,0,2013,1,0,0,1,0
1488,1,32952.0,36,1,2,0,3,7,0,0,43,17,0,2013,1,1,0,0,0
1855,1,69109.0,10,1,6,6,7,4,0,1,38,732,1,2012,0,0,1,0,0
1318,1,24711.0,86,1,3,0,3,7,0,0,38,48,0,2014,0,0,1,0,0
1264,2,64191.0,30,3,5,3,13,3,0,0,57,405,0,2013,1,0,0,1,0
1563,1,38998.0,92,3,2,0,3,8,1,0,66,20,0,2012,2,0,1,0,0
148,2,35688.0,94,7,4,1,4,8,0,0,47,138,0,2012,3,0,1,0,0
905,3,52278.0,24,6,10,5,10,8,0,1,57,245,0,2013,1,1,0,0,0
2070,2,51381.5,83,2,4,1,4,6,0,0,66,46,0,2013,1,0,0,0,1
1086,3,38578.0,2,3,3,0,3,8,0,0,48,35,0,2013,2,0,0,1,0
291,1,29672.0,6,1,0,0,3,6,0,0,55,16,0,2013,2,0,0,0,1
692,1,78468.0,29,1,10,7,10,4,0,0,60,570,1,2014,0,0,0,0,1
818,2,78353.0,51,1,10,2,11,8,0,0,61,824,0,2013,1,1,0,0,0
704,2,55250.0,49,4,7,5,10,5,0,0,55,239,0,2012,1,0,0,1,0
1112,2,47025.0,98,5,11,1,6,9,0,0,42,127,0,2013,1,0,1,0,0
2111,2,37509.0,24,2,3,0,4,7,0,0,44,86,0,2012,1,0,0,0,1
1817,3,54111.0,97,2,5,2,6,5,0,0,55,121,0,2013,1,1,0,0,0
575,2,54603.0,85,6,4,2,4,7,0,0,64,82,0,2013,2,0,0,0,1
557,1,81741.0,75,0,6,6,7,2,0,0,40,1323,0,2013,0,0,0,1,0
1336,0,24367.0,58,1,1,0,2,9,0,0,38,22,0,2013,1,0,0,1,0
701,3,66375.0,96,3,2,4,5,7,0,0,72,236,1,2013,1,0,0,0,1
1454,3,46015.0,25,1,1,0,3,7,0,0,65,8,2,2014,2,0,0,0,1
1397,3,36947.0,49,4,3,0,4,9,0,0,53,58,0,2012,2,0,1,0,0
1419,3,43269.0,61,1,1,0,2,8,0,0,48,9,0,2013,1,0,1,0,0
1728,1,77437.0,70,1,4,5,13,1,0,0,57,565,1,2013,0,0,1,0,0
1157,3,40344.0,48,2,4,1,5,7,0,0,46,8,0,2013,1,0,1,0,0
748,2,63855.0,28,1,7,3,13,4,0,0,42,647,0,2013,0,0,0,0,1
1403,1,80134.0,40,2,5,3,6,6,0,1,48,472,3,2013,1,0,1,0,0
903,3,78420.0,75,1,3,10,8,1,0,0,54,849,0,2013,0,0,0,1,0
167,1,66951.0,46,1,3,4,7,1,0,0,32,840,0,2013,0,0,0,1,0
730,2,70545.0,29,1,4,1,7,2,0,0,68,196,0,2014,1,0,0,0,1
1231,1,28691.0,56,1,1,0,3,8,0,0,31,29,0,2013,1,0,1,0,0
286,2,35416.0,62,3,7,1,5,8,0,0,71,142,0,2013,0,1,0,0,0
1089,1,79803.0,54,1,4,3,5,1,0,0,62,294,0,2014,1,1,0,0,0
1945,3,61798.0,13,1,4,2,9,4,0,0,56,125,0,2013,0,0,0,1,0
2114,2,53230.0,86,4,5,2,12,5,0,0,64,556,0,2012,1,0,1,0,0
873,1,24762.0,16,3,3,1,2,8,0,1,48,80,1,2014,1,0,0,1,0
628,2,32218.0,27,1,2,1,3,7,0,1,60,83,1,2014,0,0,0,1,0
598,1,72906.0,79,1,3,4,9,1,0,0,65,751,0,2013,0,0,0,1,0
1185,1,58401.0,55,1,1,2,2,4,0,0,60,86,0,2014,1,1,0,0,0
377,1,19986.0,74,1,0,0,3,7,0,0,35,19,0,2013,1,0,1,0,0
1988,3,56559.0,46,3,4,3,8,4,0,0,45,258,0,2012,1,0,0,0,1
1428,1,60544.0,92,4,5,1,5,6,0,0,59,88,0,2012,2,0,1,0,0
1926,2,34984.0,40,2,1,0,3,7,0,0,45,30,0,2012,2,0,0,0,1
1782,3,48918.0,21,2,1,0,4,4,0,0,57,10,0,2014,2,0,0,1,0
1480,1,76998.0,85,2,11,8,8,6,0,0,65,461,1,2013,1,0,1,0,0
1102,1,66480.0,71,7,4,1,7,4,0,0,55,113,0,2014,2,0,1,0,0
41,2,20559.0,88,2,2,0,3,8,0,0,35,40,0,2013,1,0,1,0,0
1776,1,46904.0,20,4,5,1,4,8,0,0,53,100,0,2012,2,0,0,1,0
925,3,64950.0,29,2,11,2,10,7,0,0,69,147,1,2012,1,0,0,1,0
1451,3,38410.0,65,2,5,2,9,6,0,1,46,381,0,2012,0,0,1,0,0
1330,1,40049.0,23,1,1,0,3,6,0,0,68,19,0,2013,1,1,0,0,0
1075,1,79456.0,12,1,5,6,4,3,0,1,64,836,0,2012,0,0,1,0,0
944,3,52190.0,39,3,2,1,3,5,0,0,44,35,1,2014,2,0,0,0,1
926,0,25443.0,82,1,1,0,3,8,0,0,31,31,0,2012,1,0,1,0,0
609,1,22574.0,28,2,2,0,3,7,0,0,53,12,0,2013,3,0,1,0,0
1459,1,83844.0,57,1,4,4,11,1,0,0,68,673,1,2013,0,0,0,0,1
1576,1,81361.0,18,1,3,10,13,1,0,1,33,615,0,2014,0,1,0,0,0
1982,2,39791.0,89,2,3,1,4,7,0,0,49,89,0,2013,1,0,1,0,0
1057,3,65526.0,22,1,4,4,8,2,0,0,56,109,0,2014,1,0,1,0,0
1232,1,44213.0,48,4,2,1,5,6,0,0,68,57,0,2013,2,0,0,1,0
493,3,78642.0,83,1,4,9,4,6,0,0,49,420,0,2013,1,0,0,0,1
2116,1,84906.0,98,1,5,6,12,2,0,0,48,634,3,2013,0,0,0,0,1
277,0,24480.0,46,3,3,0,4,7,0,0,39,98,0,2013,1,0,1,0,0
757,1,75127.0,92,1,2,11,5,1,0,0,68,630,0,2014,0,0,0,1,0
2147,2,34176.0,9,1,1,0,3,3,0,0,45,17,0,2014,1,0,0,0,1
358,1,28442.0,53,3,2,1,4,4,0,0,42,38,0,2014,2,0,1,0,0
1343,1,70515.0,12,1,6,6,4,2,0,1,27,838,0,2013,0,0,0,1,0
236,1,7500.0,54,4,3,1,3,7,0,0,47,52,0,2013,1,0,0,1,0
551,1,43462.0,50,6,4,1,5,8,0,0,68,150,0,2012,2,0,0,0,1
520,1,25545.0,35,3,2,2,3,6,0,1,33,178,0,2012,1,0,1,0,0
1871,3,70643.0,66,1,5,8,4,6,0,1,36,610,0,2012,0,0,1,0,0
208,1,46097.0,11,5,3,1,6,4,0,0,64,169,0,2013,1,0,0,0,1
1681,1,49090.0,45,3,7,2,9,7,0,0,69,194,0,2013,1,0,0,1,0
881,1,51195.0,46,8,9,2,5,8,0,0,58,334,0,2013,2,0,0,0,1
720,2,75012.0,41,1,3,8,11,1,0,0,44,733,0,2014,0,1,0,0,0
1499,2,46772.0,88,6,11,8,5,8,0,0,45,698,1,2012,1,0,0,0,1
1897,3,60491.0,81,4,6,11,7,5,0,0,49,391,0,2013,1,0,1,0,0
1690,2,73705.0,86,2,9,6,8,5,0,0,69,1083,0,2014,2,1,0,0,0
58,1,51381.5,57,2,2,0,3,6,0,0,38,35,0,2013,1,0,0,1,0
631,1,84574.0,72,1,9,11,11,5,0,0,68,988,0,2013,0,0,0,1,0
2124,2,65487.0,48,3,3,5,6,2,0,0,63,929,0,2014,0,0,0,0,1
1739,1,69901.0,95,3,7,3,10,5,0,0,51,570,0,2013,1,1,0,0,0
592,1,23910.0,80,1,2,0,3,7,0,0,51,51,0,2012,1,1,0,0,0
1914,2,77598.0,53,1,7,5,13,3,0,0,77,542,1,2013,0,0,0,1,0
363,1,31615.0,82,2,2,0,3,7,0,0,44,49,0,2013,1,1,0,0,0
1844,1,64260.0,1,1,4,5,4,3,0,1,59,1035,0,2013,0,0,0,0,1
505,1,61250.0,49,6,5,2,12,5,0,0,61,348,0,2012,1,1,0,0,0
1902,1,67384.0,32,2,7,8,5,5,0,0,50,533,1,2012,1,0,0,1,0
2000,3,65814.0,90,3,8,2,10,5,0,0,54,186,0,2014,1,0,0,0,1
1355,2,52203.0,36,1,8,7,11,6,0,0,70,451,0,2012,0,0,0,0,1
1944,3,72335.0,2,1,10,4,8,8,0,1,44,807,0,2012,0,0,0,0,1
904,1,75114.0,40,1,3,10,5,2,0,0,28,682,0,2013,0,0,0,0,1
733,3,64108.0,8,4,6,9,11,5,0,0,67,151,0,2013,1,0,0,1,0
1465,3,94871.0,99,1,8,5,4,7,0,1,51,909,2,2012,2,0,1,0,0
1684,2,24336.0,82,1,1,0,2,7,0,0,39,30,0,2012,1,0,0,1,0
2142,1,17148.0,80,4,3,1,3,8,0,0,44,59,0,2014,1,0,1,0,0
2129,2,29435.0,11,4,3,2,2,9,0,1,54,110,0,2012,2,1,0,0,0
1307,3,27238.0,39,3,3,0,3,9,0,0,58,20,0,2013,2,0,0,1,0
1111,0,22634.0,47,1,2,1,2,8,0,0,54,94,0,2013,0,0,0,0,1
118,2,30753.0,85,2,1,1,3,5,0,0,53,69,0,2013,2,0,0,0,1
1503,2,46098.0,86,4,3,2,2,8,0,0,45,63,0,2012,2,0,0,1,0
706,1,58398.0,44,3,5,4,8,4,0,0,67,297,0,2013,0,0,0,0,1
1335,1,18929.0,15,1,1,0,4,6,0,0,30,53,0,2013,0,0,1,0,0
745,1,58330.0,87,1,6,4,13,4,0,0,45,619,0,2013,1,1,0,0,0
522,3,77863.0,20,1,4,5,10,2,0,0,62,410,0,2013,0,0,0,0,1
915,2,39858.0,67,1,2,0,4,6,0,1,51,80,0,2013,1,0,0,1,0
1532,1,31928.0,5,2,3,0,4,7,0,0,31,39,0,2014,1,0,0,0,1
1849,3,70116.0,73,1,2,8,12,1,0,0,48,829,0,2013,0,0,1,0,0
1773,1,64590.0,98,1,9,4,10,6,0,0,52,418,0,2012,0,0,1,0,0
513,1,26095.0,77,1,1,0,3,7,0,0,30,31,0,2013,1,0,0,1,0
81,1,26304.0,5,1,1,0,2,7,0,0,51,12,0,2013,1,0,1,0,0
1907,1,18929.0,15,1,1,0,4,6,0,0,30,53,0,2013,0,0,1,0,0
1040,3,77037.0,3,1,7,7,12,3,0,0,60,660,0,2013,1,0,1,0,0
1237,3,27683.0,90,4,6,2,4,8,0,0,42,199,0,2012,1,0,0,0,1
914,1,72354.0,67,1,2,10,6,1,0,0,27,913,0,2013,0,0,0,1,0
380,2,36143.0,33,1,0,1,2,3,0,0,39,7,0,2014,1,0,0,1,0
1249,2,62972.0,39,2,7,4,3,6,0,1,65,274,0,2012,1,0,1,0,0
2052,3,51381.5,82,2,3,0,3,6,0,0,39,24,0,2013,1,0,0,1,0
84,1,81361.0,18,1,3,10,13,1,0,0,33,615,0,2014,0,1,0,0,0
2037,1,53154.0,50,1,3,1,4,4,0,0,61,29,0,2014,1,0,1,0,0
672,2,36145.0,13,4,4,1,3,9,0,1,35,116,1,2013,1,0,1,0,0
774,1,36283.0,42,2,1,0,3,4,0,0,44,23,0,2014,2,0,0,0,1
329,3,66334.0,82,2,9,3,5,5,0,1,64,252,0,2013,1,0,1,0,0
6,1,55635.0,34,4,7,3,7,6,0,0,49,355,0,2012,1,1,0,0,0
943,3,27922.0,80,1,2,0,3,4,0,0,41,30,0,2014,1,0,0,0,1
1245,3,77766.0,97,2,11,10,11,6,0,1,53,525,1,2013,1,0,1,0,0
1629,1,69755.0,23,1,3,6,12,1,0,0,75,677,0,2013,0,0,1,0,0
909,2,73113.0,86,1,3,4,7,2,0,0,60,260,0,2013,0,0,0,0,1
468,3,56937.0,81,7,8,6,9,6,0,1,39,160,1,2012,1,0,0,0,1
181,2,66835.0,21,1,6,4,13,2,0,0,74,413,0,2013,0,0,1,0,0
164,1,43482.0,83,3,2,0,4,6,0,0,54,70,0,2013,3,0,0,0,1
1569,3,81574.0,89,1,4,5,8,1,0,0,73,546,2,2014,0,0,0,0,1
451,1,38988.0,90,7,5,1,6,8,0,0,48,184,0,2012,3,0,1,0,0
1747,1,41120.0,80,3,2,1,3,6,0,0,52,57,0,2013,2,0,1,0,0
490,3,55614.0,85,1,9,4,6,7,0,0,76,178,1,2013,0,1,0,0,0
1621,2,36301.0,53,1,3,0,3,7,0,0,44,67,0,2013,1,0,0,0,1
1798,1,18701.0,95,4,2,0,4,5,0,0,56,32,0,2013,2,0,0,1,0
287,2,32414.0,11,1,1,0,3,7,0,0,36,32,1,2013,0,0,0,0,1
1176,0,15056.0,76,5,2,2,3,5,0,0,62,82,0,2013,2,0,0,1,0
87,1,50388.0,3,4,6,1,6,7,0,1,63,80,2,2014,1,0,0,1,0
1656,2,41473.0,80,1,2,0,3,7,0,0,35,55,0,2013,1,0,0,1,0
802,1,72504.0,43,2,5,9,6,2,0,0,48,874,0,2013,1,0,0,1,0
1928,3,54356.0,62,3,11,2,8,8,0,1,71,65,0,2012,1,1,0,0,0
1846,2,74290.0,70,4,10,8,10,6,0,0,49,96,2,2013,1,1,0,0,0
1592,2,53843.0,64,4,8,5,3,7,0,0,55,184,0,2013,1,0,1,0,0
2193,1,73807.0,88,2,5,5,11,2,0,0,42,483,0,2013,1,0,1,0,0
1411,1,24639.0,3,3,2,0,4,6,0,0,47,24,0,2014,2,0,1,0,0
2075,2,51381.5,75,1,5,5,11,1,0,1,77,1032,1,2013,0,1,0,0,0
1599,2,51250.0,28,5,10,5,4,9,0,0,30,368,1,2013,1,0,0,1,0
1316,0,18393.0,2,2,3,0,3,8,0,0,46,43,0,2014,1,0,1,0,0
1567,3,38201.0,19,4,5,1,5,8,0,0,60,35,0,2013,1,0,0,0,1
2006,2,37284.0,46,1,0,0,3,6,0,0,45,12,0,2013,2,0,1,0,0
327,1,24072.0,79,1,1,0,2,8,0,0,37,14,0,2013,1,0,0,1,0
1395,1,36864.0,53,3,5,2,4,8,0,1,63,150,0,2012,1,0,0,1,0
442,2,42618.0,92,2,5,0,4,8,0,0,48,116,0,2013,1,1,0,0,0
1090,2,80910.0,71,1,3,3,8,1,0,0,34,596,0,2012,0,0,0,1,0
1413,2,65704.0,18,1,2,10,10,1,0,0,48,538,0,2013,0,0,0,1,0
834,1,40049.0,61,3,3,2,6,5,0,0,46,199,0,2012,1,0,1,0,0
1547,2,37054.0,89,2,1,0,3,7,0,0,53,13,0,2013,2,0,1,0,0
1546,1,67445.0,63,5,9,6,12,6,0,0,46,417,0,2012,1,0,1,0,0
832,1,56628.0,30,2,7,6,5,5,0,0,43,282,1,2014,1,0,0,1,0
1946,3,76842.0,37,1,1,8,7,0,0,0,70,525,0,2014,0,1,0,0,0
348,3,69759.0,38,3,4,6,5,3,0,1,54,577,0,2013,0,0,0,1,0
2158,1,90000.0,91,1,4,8,5,1,0,0,36,804,3,2013,0,0,1,0,0
177,1,38285.0,96,1,0,0,3,2,0,0,61,8,0,2014,3,0,0,0,1
1025,1,68695.0,3,1,4,4,7,2,0,0,51,633,0,2014,0,0,0,0,1
1050,3,53312.0,32,1,5,1,5,7,0,0,69,37,0,2013,0,0,1,0,0
1287,3,48918.0,21,2,1,0,4,4,0,0,57,10,0,2014,2,0,0,1,0
86,2,36138.0,48,5,3,1,4,7,0,0,50,21,1,2013,2,0,1,0,0
1106,2,98777.0,23,0,4,6,9,1,0,0,60,1008,1,2014,0,0,0,1,0
1711,1,17688.0,82,1,1,0,2,8,1,0,41,9,0,2013,1,0,1,0,0
2177,3,84117.0,60,1,7,10,6,2,0,0,64,955,1,2014,0,0,1,0,0
1984,1,94472.0,75,1,5,5,5,5,0,0,62,674,2,2014,1,0,0,1,0
978,3,65352.0,43,2,4,2,8,4,0,0,46,121,0,2013,1,0,1,0,0
457,1,70165.0,60,1,3,7,11,1,0,0,71,765,0,2013,0,1,0,0,0
777,1,31590.0,40,1,1,0,3,8,0,0,48,32,0,2013,1,0,0,0,1
1611,2,52973.0,92,7,9,6,9,8,0,0,64,296,0,2012,1,0,1,0,0
54,1,66373.0,57,7,4,2,10,3,0,0,42,278,0,2013,2,0,1,0,0
1769,3,39435.0,16,1,3,1,2,7,0,0,47,31,0,2013,1,0,0,0,1
1740,3,80360.0,56,2,4,4,5,2,0,0,71,738,3,2013,0,0,1,0,0
1748,2,39763.0,9,2,5,1,2,9,0,1,49,87,0,2013,1,0,0,1,0
113,1,86037.0,95,1,6,7,11,3,0,1,29,240,2,2013,0,0,0,1,0
987,1,64587.0,49,2,1,1,4,3,0,0,66,42,0,2014,2,1,0,0,0
2187,1,55593.0,63,2,6,6,3,6,0,0,47,253,1,2013,1,0,0,0,1
1225,1,41986.0,15,3,3,0,4,4,0,0,42,36,0,2014,1,1,0,0,0
1009,2,70924.0,41,1,6,6,7,3,0,0,55,728,1,2014,0,0,1,0,0
589,1,33178.0,9,1,1,0,3,4,0,0,43,37,0,2014,1,0,0,0,1
1727,1,79146.0,33,2,8,1,8,6,0,0,53,319,0,2014,2,0,0,1,0
1896,1,62820.0,51,1,3,4,6,1,0,0,66,578,0,2013,0,0,1,0,0
285,1,79946.0,19,1,5,11,5,3,0,0,54,1083,0,2014,0,1,0,0,0
428,2,67309.0,76,15,9,6,9,7,0,0,53,567,0,2013,2,0,0,0,1
1061,1,22304.0,91,1,1,0,2,8,0,0,64,15,0,2012,0,1,0,0,0
669,1,26751.0,26,1,1,0,2,8,0,0,46,10,0,2014,2,0,1,0,0
31,2,38620.0,56,1,2,5,3,3,0,0,57,206,0,2013,0,0,0,0,1
722,1,89891.0,17,1,11,6,8,4,0,0,29,424,1,2013,0,0,0,0,1
951,1,59041.0,25,2,2,0,4,5,0,0,47,27,0,2014,2,0,1,0,0
1861,3,26642.0,71,2,2,0,3,6,0,0,53,29,0,2014,1,1,0,0,0
214,2,52195.0,2,1,1,0,2,8,0,0,42,5,0,2014,3,0,0,1,0
1672,1,38232.0,84,4,3,1,3,5,0,0,49,79,0,2014,2,0,0,0,1
326,3,29999.0,22,4,3,1,4,8,0,0,34,92,0,2013,1,0,0,1,0
560,3,48799.0,9,3,3,2,7,3,0,0,57,157,0,2013,1,1,0,0,0
1433,2,36408.0,11,1,1,0,2,6,0,0,71,13,0,2013,2,0,1,0,0
341,1,82623.0,58,1,2,9,4,1,0,0,68,736,0,2013,0,1,0,0,0
147,1,38547.0,49,1,1,0,2,8,1,0,39,16,0,2013,1,0,0,0,1
1441,2,69401.0,41,4,4,4,5,2,0,0,47,291,0,2014,1,0,0,0,1
1689,3,41437.0,5,1,1,0,3,7,0,0,63,3,0,2012,2,1,0,0,0
966,2,59052.0,29,3,7,1,7,5,0,0,61,261,0,2013,1,1,0,0,0
155,1,69372.0,10,1,10,4,6,4,0,1,71,384,2,2013,0,0,0,0,1
1292,1,7500.0,5,4,2,1,3,6,0,0,42,51,0,2012,2,0,0,1,0
1251,1,39356.0,21,1,1,0,2,6,0,0,44,8,1,2014,2,0,1,0,0
1827,3,80336.0,12,1,2,9,13,1,0,0,50,843,0,2013,0,0,1,0,0
1574,1,82460.0,78,1,5,3,6,1,0,0,70,719,0,2013,0,1,0,0,0
1699,1,64813.0,81,1,7,2,10,5,0,0,42,452,0,2014,1,0,1,0,0
1448,1,43300.0,87,3,4,0,4,8,0,1,49,89,0,2012,1,1,0,0,0
2099,2,48150.0,24,3,5,1,4,7,0,0,71,93,0,2013,1,0,1,0,0
1268,1,66303.0,56,4,3,4,11,8,0,0,49,196,1,2013,1,0,1,0,0
2092,3,67911.0,63,3,6,7,11,3,0,0,71,447,0,2014,1,0,0,0,1
1956,1,74485.0,58,1,6,7,12,3,0,0,73,1235,0,2013,0,0,0,0,1
1559,1,75315.0,14,2,5,4,12,2,0,0,66,382,0,2014,1,0,0,0,1
2048,3,70179.0,10,3,7,3,13,5,0,0,44,502,0,2013,1,1,0,0,0
938,3,51563.0,60,1,4,4,10,8,0,0,33,84,2,2012,0,0,1,0,0
1963,1,34600.0,8,5,5,2,5,8,0,1,49,119,0,2013,2,0,0,0,1
346,1,71113.0,95,4,6,7,9,4,0,0,63,340,0,2013,1,0,1,0,0
1730,3,42403.0,18,1,1,0,3,8,0,0,49,20,0,2013,1,0,1,0,0
2207,3,82032.0,54,0,4,6,7,1,0,0,72,902,0,2014,0,1,0,0,0
385,3,83664.0,57,3,2,2,12,5,0,0,52,307,0,2013,2,1,0,0,0
1233,0,25707.0,18,1,1,0,3,7,0,0,36,20,0,2014,1,0,0,1,0
1271,1,71847.0,95,0,6,7,9,3,0,0,42,455,1,2012,0,1,0,0,0
243,1,80134.0,40,2,5,3,6,6,0,1,48,472,3,2013,1,0,1,0,0
1164,2,20130.0,99,1,1,0,3,8,0,0,46,34,0,2014,0,0,1,0,0
936,1,94384.0,62,0,5,8,5,2,0,1,67,1191,3,2013,0,0,0,0,1
1791,1,78416.0,99,2,7,7,10,3,0,0,44,726,0,2014,1,0,0,0,1
312,2,28839.0,86,2,2,0,3,5,0,0,64,8,0,2014,2,0,0,0,1
2176,2,76234.0,21,1,8,3,11,3,0,0,48,388,1,2014,1,0,1,0,0
968,1,83715.0,2,1,2,8,13,0,0,0,58,608,0,2014,0,0,1,0,0
660,3,45068.0,25,1,1,0,2,7,0,0,46,6,0,2013,1,0,0,0,1
1807,2,58582.0,15,2,9,2,9,5,0,0,38,361,1,2013,1,0,0,0,1
370,3,38578.0,2,3,3,0,3,8,0,1,48,35,0,2013,2,0,0,1,0
566,1,44989.0,26,5,5,1,5,6,0,0,46,271,0,2012,1,0,1,0,0
1577,3,35860.0,37,2,1,1,2,5,0,1,47,34,1,2014,2,1,0,0,0
824,1,48789.0,94,1,6,4,7,6,0,0,28,329,0,2012,0,0,0,1,0
982,3,35340.0,1,2,2,0,3,5,0,0,64,18,0,2014,2,1,0,0,0
2060,1,34350.0,81,1,1,0,3,7,0,0,41,32,0,2013,1,0,0,0,1
813,3,76412.0,15,1,5,4,8,3,0,1,40,968,2,2013,0,0,0,1,0
778,0,20425.0,5,2,2,0,3,7,0,0,34,53,0,2012,1,0,1,0,0
1052,1,67605.0,84,1,2,8,6,1,0,0,33,602,0,2013,0,0,0,0,1
1420,2,38741.0,60,2,2,0,3,7,0,0,62,54,0,2014,2,0,0,1,0
1013,1,34961.0,77,3,3,1,3,7,0,0,47,34,0,2014,1,0,1,0,0
1333,2,43263.0,2,3,5,2,6,5,0,0,43,179,0,2012,1,0,1,0,0
1657,3,63246.0,60,1,6,3,12,4,0,0,53,179,0,2013,2,0,1,0,0
126,1,79607.0,37,1,3,6,6,1,0,1,36,1473,0,2013,0,0,0,1,0
887,3,48948.0,53,2,7,10,5,6,0,1,77,465,1,2013,0,1,0,0,0
1007,2,38196.0,20,3,2,0,4,5,0,0,49,14,0,2014,2,0,1,0,0
355,3,46681.0,52,2,4,6,4,5,0,0,72,156,0,2013,2,0,0,0,1
1820,2,22669.0,30,3,4,1,2,9,0,1,45,157,0,2013,1,0,0,0,1
682,3,69476.0,3,1,4,6,4,2,0,0,51,784,0,2013,0,0,0,0,1
1864,3,60200.0,3,6,6,2,11,6,0,0,72,183,0,2013,1,0,0,1,0
2155,3,31560.0,98,2,2,1,3,8,0,0,46,32,0,2013,1,0,0,1,0
984,2,24884.0,32,1,0,0,3,7,0,0,48,16,0,2012,1,0,1,0,0
2143,1,40590.0,30,5,3,4,3,6,0,0,51,104,1,2013,2,1,0,0,0
140,2,92859.0,46,1,5,4,12,2,0,0,28,1115,0,2012,0,0,0,1,0
1746,0,16014.0,42,4,1,1,4,3,0,0,41,35,0,2013,2,0,0,1,0
1619,3,41003.0,11,1,6,2,8,6,0,0,57,478,0,2013,0,1,0,0,0
1284,1,22804.0,75,1,2,0,2,9,0,0,49,12,0,2013,1,0,0,1,0
1911,2,31878.0,7,1,1,0,4,3,0,0,43,47,0,2014,1,0,0,1,0
1394,1,37716.0,4,2,4,1,3,7,0,0,67,91,0,2014,1,0,1,0,0
1134,1,37155.0,51,1,2,0,4,5,0,0,31,51,0,2013,1,0,1,0,0
1737,0,28389.0,49,1,1,0,2,7,0,0,73,27,0,2012,0,0,0,0,1
711,1,58710.0,77,6,11,5,9,6,0,0,50,745,0,2013,1,1,0,0,0
1490,1,71706.0,16,4,9,5,7,5,0,0,61,512,0,2012,1,0,0,0,1
2044,2,36927.0,46,2,3,0,3,8,0,0,65,20,0,2014,2,0,0,1,0
10,1,51381.5,11,1,1,0,2,7,0,0,37,14,0,2013,1,0,1,0,0
1357,2,75154.0,79,1,6,3,6,3,0,1,62,600,0,2012,1,0,0,1,0
2034,2,45057.0,80,1,2,0,3,5,0,0,41,13,0,2013,1,0,1,0,0
754,1,79146.0,33,2,8,1,8,6,0,0,53,319,0,2014,2,0,0,1,0
626,3,65488.0,46,1,3,4,6,1,0,0,62,360,0,2014,0,0,0,0,1
1347,1,69627.0,35,2,8,2,11,5,0,0,58,630,0,2013,1,0,0,1,0
129,3,77376.0,72,4,6,3,10,4,0,0,64,169,0,2014,2,0,0,0,1
843,1,49166.0,17,2,5,3,3,6,0,0,46,144,0,2013,1,0,0,1,0
323,3,14849.0,39,3,2,0,4,8,0,0,44,44,0,2013,1,1,0,0,0
1319,3,45503.0,54,1,3,1,4,5,0,0,45,73,0,2013,1,0,1,0,0
14,1,17323.0,38,1,1,0,3,8,0,0,33,43,0,2012,0,0,1,0,0
1617,3,54549.0,8,2,5,1,4,7,0,0,68,17,0,2014,1,0,1,0,0
215,2,83790.0,81,1,8,10,6,3,0,0,72,539,2,2013,0,0,1,0,0
1449,1,26290.0,49,4,2,0,4,6,0,0,48,62,0,2013,2,0,0,0,1
2154,0,15253.0,13,2,1,0,3,7,0,0,28,28,0,2013,1,0,0,1,0
1283,1,15759.0,12,1,1,0,2,7,0,0,64,16,0,2013,0,0,1,0,0
864,1,62450.0,61,2,5,5,4,3,0,0,61,480,1,2014,1,0,0,1,0
516,1,30630.0,67,2,2,0,3,7,0,0,55,25,0,2014,2,1,0,0,0
597,1,62807.0,83,3,5,3,12,5,0,0,60,293,0,2012,1,0,0,0,1
195,1,80067.0,82,1,4,6,6,2,0,0,66,1081,1,2013,0,0,1,0,0
288,1,38361.0,74,3,3,1,3,7,0,0,51,98,0,2013,1,0,0,0,1
950,1,53700.0,94,4,5,5,8,5,0,0,68,431,0,2012,1,0,0,1,0
1429,2,20491.0,16,1,0,1,2,7,0,0,34,25,0,2013,0,0,0,0,1
1668,0,15862.0,26,1,1,0,3,8,0,0,41,35,0,2013,1,0,0,1,0
1120,1,46931.0,94,2,1,1,3,3,0,0,43,37,0,2014,3,0,0,0,1
549,1,22419.0,74,1,3,2,2,8,0,0,57,132,0,2013,0,0,1,0,0
156,1,49967.0,4,3,6,1,5,7,0,0,62,94,0,2013,1,0,0,1,0
419,2,82584.0,26,1,3,4,8,1,0,1,46,359,2,2013,0,0,1,0,0
922,3,68397.0,6,1,6,9,5,3,0,0,44,656,0,2013,1,0,1,0,0
477,2,37760.0,54,1,2,0,3,6,0,0,48,28,0,2013,1,1,0,0,0
1281,2,83151.0,80,1,5,7,10,2,0,1,48,1378,3,2013,0,0,1,0,0
553,1,79908.0,30,1,5,6,7,2,0,0,38,1215,1,2013,0,0,1,0,0
390,2,70777.0,80,3,5,3,12,3,0,0,52,233,0,2014,1,0,1,0,0
578,2,47821.0,54,1,1,0,3,8,0,0,53,38,0,2013,2,0,0,0,1
2063,1,25293.0,51,1,1,1,2,8,0,0,51,22,0,2013,1,0,1,0,0
1304,2,45143.0,74,3,6,1,5,7,0,0,55,109,0,2013,1,0,0,0,1
1996,1,30368.0,97,2,2,0,3,8,0,0,43,17,0,2013,1,0,1,0,0
820,1,37859.0,75,2,1,0,3,8,0,0,58,14,0,2013,3,1,0,0,0
2136,3,29732.0,23,1,2,0,2,9,0,0,49,13,0,2014,1,0,0,0,1
1006,2,34053.0,14,1,3,0,3,8,0,0,52,40,0,2012,1,0,0,0,1
1270,1,40800.0,77,2,3,0,3,7,1,0,56,75,0,2013,3,0,1,0,0
664,3,59304.0,81,3,7,8,10,5,0,0,56,630,0,2013,1,0,1,0,0
1824,1,48186.0,39,3,4,1,4,7,0,0,46,122,0,2014,1,0,0,0,1
142,1,86111.0,73,1,5,7,10,2,0,0,58,986,0,2013,0,0,1,0,0
1840,1,25008.0,72,2,1,0,3,8,0,0,32,32,0,2014,1,0,0,1,0
1430,1,42523.0,96,1,1,1,4,2,0,0,56,111,0,2014,0,0,1,0,0
421,1,48686.0,8,1,1,0,2,8,0,0,67,10,0,2013,3,0,1,0,0
799,2,56850.0,83,1,1,1,3,2,0,0,49,29,0,2014,1,0,1,0,0
615,3,54456.0,23,3,6,1,7,6,0,0,59,52,0,2013,1,0,1,0,0
295,1,68627.0,45,1,2,3,6,1,0,0,38,430,0,2013,0,0,0,1,0
401,1,48006.0,55,1,1,0,3,6,0,0,55,18,0,2014,2,0,1,0,0
88,1,79593.0,70,1,5,6,7,2,0,0,47,1016,1,2014,0,0,1,0,0
1607,1,55434.0,21,3,5,3,13,4,0,0,36,644,0,2013,1,0,1,0,0
2194,1,18929.0,15,1,1,0,4,6,0,0,30,53,0,2013,0,0,1,0,0
131,2,61331.0,42,5,11,1,6,8,0,0,62,98,0,2013,2,0,0,1,0
1226,1,28427.0,67,2,2,0,3,8,0,0,37,34,0,2013,1,0,0,0,1
1772,3,42473.0,72,3,2,1,4,5,0,0,44,51,0,2014,2,0,0,1,0
1626,3,46681.0,52,2,4,6,4,5,0,0,72,156,0,2013,2,0,0,0,1
1818,1,78394.0,13,1,4,6,5,2,0,1,34,1130,0,2013,0,0,0,0,1
724,3,53593.0,60,8,7,2,6,8,0,0,67,131,0,2012,2,0,0,0,1
1380,1,44964.0,35,1,1,0,3,8,0,0,40,22,0,2012,2,0,0,0,1
269,3,61905.0,2,2,4,2,4,5,0,0,45,64,0,2014,1,0,0,0,1
1647,2,36634.0,0,3,5,2,5,7,0,0,66,122,0,2013,1,0,0,0,1
917,1,83033.0,82,1,11,4,10,5,0,0,34,949,1,2014,1,0,0,0,1
1783,2,82122.0,89,1,3,9,13,1,0,0,58,648,1,2013,0,0,0,0,1
1594,2,70638.0,69,1,4,5,10,3,0,0,65,318,1,2013,0,1,0,0,0
1244,1,67433.0,51,4,6,5,13,4,0,0,68,377,1,2013,2,0,1,0,0
375,1,30822.0,92,1,1,0,3,7,0,0,51,48,0,2013,1,0,0,1,0
333,1,75693.0,10,1,11,4,6,4,0,1,52,645,3,2012,0,1,0,0,0
1401,3,36957.0,43,4,3,2,2,9,0,1,67,52,0,2012,2,1,0,0,0
2095,0,14188.0,40,1,2,0,4,6,0,0,48,73,0,2013,0,0,1,0,0
1118,1,39552.0,54,7,6,2,5,8,0,1,58,219,0,2012,2,1,0,0,0
910,3,84169.0,9,1,7,6,6,3,0,1,38,441,2,2013,0,0,1,0,0
776,1,30467.0,8,1,1,0,2,7,0,0,48,23,0,2014,1,0,1,0,0
1359,1,37971.0,97,1,1,0,3,8,0,0,47,25,0,2013,1,0,1,0,0
328,3,33996.0,46,1,1,1,3,4,0,0,31,31,0,2013,0,0,0,1,0
1857,2,32889.0,78,3,2,1,3,5,0,0,52,27,0,2013,2,0,0,0,1
1584,0,13724.0,43,1,2,0,2,9,0,0,32,56,1,2012,1,0,0,0,1
12,1,63033.0,82,1,3,4,8,2,0,0,61,908,0,2013,0,1,0,0,0
897,1,58917.0,10,5,4,1,6,5,0,0,51,131,0,2013,3,0,0,0,1
171,1,50447.0,4,1,3,1,3,6,0,0,50,63,0,2014,2,0,1,0,0
260,3,37717.0,31,1,1,0,2,9,0,0,42,16,0,2012,1,0,1,0,0
1462,2,23162.0,82,3,1,1,3,6,0,0,50,57,0,2013,2,0,1,0,0
1713,1,90273.0,32,1,5,6,7,2,0,1,29,1287,3,2013,0,0,0,1,0
901,1,47889.0,94,1,2,0,3,5,0,0,46,38,0,2014,1,0,0,0,1
258,3,69674.0,46,3,10,2,10,5,0,0,52,291,0,2013,2,1,0,0,0
844,3,65324.0,0,3,6,2,9,4,0,0,66,160,0,2014,1,0,1,0,0
138,3,35860.0,37,2,1,1,2,5,0,1,47,34,1,2014,2,0,0,1,0
319,3,47025.0,6,1,1,0,2,7,0,0,55,4,0,2014,2,1,0,0,0
2087,1,80144.0,47,1,3,7,8,1,0,0,45,1127,0,2013,0,0,0,0,1
1487,1,65492.0,73,2,4,7,13,2,0,0,61,798,0,2014,0,0,1,0,0
1421,1,31907.0,75,1,6,1,6,7,0,0,48,416,0,2013,0,0,0,1,0
558,2,71499.0,12,2,8,3,13,4,0,0,49,330,0,2013,1,0,0,0,1
139,3,36921.0,74,2,2,0,3,7,0,0,55,21,0,2013,2,1,0,0,0
112,2,57288.0,27,3,8,1,8,6,0,0,57,81,1,2014,1,0,0,0,1
531,2,47352.0,70,4,6,1,5,7,0,0,69,147,0,2013,1,0,0,0,1
224,1,51369.0,84,2,8,2,4,8,0,0,44,279,0,2012,1,0,0,0,1
723,3,35946.0,24,1,0,0,3,5,0,0,71,3,0,2013,2,1,0,0,0
2069,1,51381.5,82,4,2,1,3,8,0,0,49,26,0,2013,2,0,1,0,0
1778,1,36075.0,54,1,2,0,4,6,0,0,37,73,0,2013,1,0,0,0,1
325,3,54432.0,37,1,1,0,3,4,0,0,70,5,0,2013,3,0,1,0,0
1523,2,53083.0,65,6,5,1,5,7,0,0,62,56,1,2013,2,0,0,0,1
1309,2,46094.0,62,1,1,0,3,7,0,0,47,32,0,2014,2,0,1,0,0
714,1,59111.0,90,1,11,1,8,7,0,0,66,345,0,2013,0,0,1,0,0
846,3,30843.0,43,2,1,1,2,5,0,0,54,11,1,2014,2,0,0,0,1
193,1,31353.0,24,2,1,1,2,8,0,0,43,21,0,2013,2,0,1,0,0
573,1,13260.0,48,4,3,0,3,8,0,0,50,40,0,2013,2,0,1,0,0
946,3,42767.0,53,1,3,1,2,8,0,0,49,111,0,2013,2,0,0,1,0
503,1,81217.0,77,1,3,7,11,1,0,0,31,664,0,2013,0,0,0,1,0
1582,3,31497.0,22,2,3,1,4,8,0,0,58,47,0,2012,1,0,0,0,1
1406,1,34412.0,62,3,5,0,3,9,0,0,30,157,0,2013,1,0,0,1,0
645,2,98777.0,23,0,4,6,9,1,0,0,60,1008,1,2014,0,0,0,1,0
3,1,26646.0,26,2,2,0,4,6,0,0,36,42,0,2014,1,0,0,0,1
1659,3,69084.0,43,2,7,3,13,8,0,0,50,405,0,2013,1,0,1,0,0
467,1,37406.0,18,1,1,0,2,8,0,1,40,15,0,2013,1,0,1,0,0
5,2,62513.0,16,2,6,4,10,6,0,0,53,196,0,2013,1,0,0,0,1
2205,1,36807.0,88,1,1,0,2,6,0,0,66,12,0,2012,2,0,0,0,1
547,1,21474.0,0,2,3,1,2,7,0,1,31,85,1,2014,1,0,0,1,0
228,1,37070.0,30,9,5,1,8,7,0,1,54,202,0,2013,2,0,0,1,0
1063,3,32892.0,78,2,3,0,3,8,0,0,49,20,0,2014,1,0,0,0,1
542,1,85620.0,68,1,3,6,4,1,0,1,56,1184,0,2014,0,1,0,0,0
242,3,31686.0,31,2,1,0,3,6,0,0,56,6,0,2014,2,0,1,0,0
898,1,85072.0,94,1,3,4,10,0,0,0,43,929,0,2014,0,0,0,1,0
1368,1,56243.0,26,6,4,2,8,5,0,0,45,49,0,2013,3,0,0,1,0
1160,1,35322.0,34,3,2,0,4,8,0,0,52,78,0,2012,3,0,0,0,1
1435,2,78427.0,36,3,3,7,10,3,0,1,72,958,1,2012,0,1,0,0,0
1314,1,77382.0,36,2,5,7,12,1,0,0,52,630,1,2014,1,0,0,0,1
842,1,15072.0,96,4,3,1,3,5,0,0,40,45,0,2013,2,0,1,0,0
1724,1,82427.0,35,1,3,5,12,1,0,0,54,974,1,2014,0,0,0,0,1
1506,2,20981.0,14,1,3,1,2,8,0,1,43,71,0,2013,0,0,0,0,1
276,2,63841.0,64,1,9,3,9,6,0,0,52,273,0,2013,1,1,0,0,0
661,0,21063.0,34,2,2,0,3,6,0,0,33,58,0,2013,1,0,0,1,0
1457,2,49476.0,29,4,2,11,5,2,0,0,57,409,0,2013,1,1,0,0,0
314,1,66503.0,30,2,4,3,6,3,0,0,35,310,0,2012,1,0,0,1,0
691,1,45938.0,46,2,8,4,6,6,0,0,59,363,0,2013,0,0,0,1,0
1825,1,54809.0,0,4,2,1,5,4,0,1,43,111,0,2013,2,0,1,0,0
424,2,10404.0,52,2,1,0,4,5,0,0,31,41,0,2014,1,0,0,0,1
594,2,26224.0,39,3,2,1,3,6,0,0,42,59,0,2013,1,0,1,0,0
2208,1,22775.0,40,1,1,0,2,8,0,0,42,10,0,2013,1,0,0,0,1
622,1,70971.0,28,7,11,11,5,7,0,1,60,824,0,2012,1,0,0,0,1
1414,1,63810.0,45,4,4,3,12,8,0,0,54,394,1,2012,1,0,0,1,0
1263,1,55956.0,22,2,7,3,4,4,0,0,76,239,1,2014,0,0,1,0,0
227,3,34320.0,66,1,1,0,2,8,0,0,34,13,0,2014,1,0,0,0,1
1351,2,33316.0,34,3,2,1,4,6,0,0,49,52,0,2013,2,0,0,1,0
1169,2,33444.0,24,1,1,0,2,8,0,0,68,10,0,2012,2,0,1,0,0
1608,1,28359.0,35,1,1,0,2,7,0,0,37,10,0,2013,1,0,0,0,1
1509,1,33039.0,4,1,2,0,4,5,0,0,42,48,0,2013,1,0,1,0,0
66,1,32474.0,0,1,1,0,2,7,0,0,53,1,0,2014,2,0,0,0,1
24,1,40689.0,69,7,7,1,5,8,0,0,69,174,0,2013,1,0,0,0,1
1235,1,76624.0,68,1,5,10,7,1,0,0,58,488,1,2014,1,0,0,1,0
144,1,41883.0,13,3,4,2,3,7,0,0,32,280,0,2013,1,0,0,0,1
536,2,25315.0,46,3,3,0,3,8,0,0,43,53,0,2013,1,0,0,0,1
811,1,65685.0,54,1,9,2,9,5,0,0,48,127,0,2014,1,0,1,0,0
1360,2,41335.0,24,3,4,1,4,7,0,0,52,75,0,2013,1,1,0,0,0
85,1,29440.0,95,2,1,0,4,7,0,0,60,39,0,2013,2,0,1,0,0
1254,3,90687.0,98,1,6,2,8,2,0,1,37,797,1,2013,0,1,0,0,0
1609,1,57100.0,9,2,3,2,7,3,0,0,33,153,0,2014,1,0,0,1,0
1427,2,31086.0,79,2,1,1,2,8,0,0,41,32,1,2013,2,0,1,0,0
1646,2,35544.0,77,1,2,0,3,7,0,0,42,37,0,2014,1,0,0,1,0
484,1,14045.0,24,1,1,0,3,7,0,0,51,9,0,2014,1,0,1,0,0
1929,2,34242.0,25,1,0,0,3,5,0,0,61,7,0,2014,1,0,1,0,0
2131,1,35788.0,34,2,2,0,3,6,0,0,49,21,0,2014,2,0,1,0,0
1779,2,60839.0,72,13,2,2,12,8,0,0,41,650,0,2012,2,0,0,0,1
1383,1,22682.0,51,3,2,1,4,4,0,0,47,85,0,2013,1,0,0,0,1
362,1,79530.0,64,1,4,10,11,2,0,0,60,1015,0,2013,0,0,1,0,0
1954,1,40887.0,32,3,3,1,3,9,0,1,68,111,0,2013,2,0,0,1,0
1393,1,65685.0,54,1,9,2,9,5,0,0,48,127,0,2014,1,0,1,0,0
1026,2,31056.0,99,1,1,0,3,8,0,0,43,50,0,2013,1,0,1,0,0
1030,2,46423.0,6,3,2,0,4,7,0,0,48,24,0,2013,2,0,0,1,0
1466,1,65148.0,9,2,6,6,7,4,0,0,62,655,0,2012,1,0,1,0,0
1640,1,57136.0,18,1,7,5,7,6,0,1,53,912,0,2013,0,1,0,0,0
1298,1,50200.0,70,6,7,1,5,8,0,0,44,135,0,2013,2,0,0,0,1
665,2,59247.0,87,5,5,2,9,6,0,0,58,247,0,2013,2,0,0,1,0
364,1,72025.0,27,1,4,3,8,3,0,0,58,1099,0,2012,0,0,0,0,1
1239,0,7500.0,63,4,3,2,2,9,0,0,28,109,0,2012,1,0,0,1,0
77,1,75825.0,40,0,5,8,9,4,0,1,44,1177,1,2012,0,0,0,1,0
27,1,51381.5,19,0,27,0,0,1,0,0,34,632,0,2013,1,0,0,1,0
1745,1,30372.0,33,3,2,0,3,7,0,0,49,29,0,2012,2,1,0,0,0
525,3,49154.0,69,6,4,1,8,6,0,0,60,205,0,2013,2,0,1,0,0
725,1,66373.0,57,7,4,2,10,3,0,0,42,278,0,2013,2,0,1,0,0
55,2,82384.0,55,1,3,10,13,1,0,1,65,973,1,2012,0,0,0,0,1
638,1,45906.0,20,2,5,4,4,5,0,0,56,181,1,2013,1,0,0,1,0
302,2,80950.0,44,1,6,7,9,2,0,0,59,688,1,2013,0,0,1,0,0
718,1,44794.0,99,1,2,0,3,6,0,0,54,11,0,2014,1,0,1,0,0
1468,2,64857.0,78,1,7,5,10,4,0,0,64,984,0,2012,0,0,0,1,0
624,1,28769.0,76,3,4,1,4,9,0,0,43,150,0,2012,1,0,0,1,0
7,3,33454.0,32,2,4,0,4,8,0,0,35,93,0,2013,1,0,1,0,0
1280,2,46831.0,84,2,1,2,2,4,0,0,51,56,0,2013,2,0,1,0,0
803,1,26872.0,0,1,1,1,2,6,0,0,39,69,0,2013,0,0,1,0,0
1049,1,42557.0,98,4,6,1,4,8,0,0,46,78,0,2012,1,0,1,0,0
336,1,68655.0,95,1,4,5,11,3,0,0,32,1082,0,2012,0,0,0,1,0
47,1,41728.0,92,1,2,0,2,10,0,0,52,42,0,2013,1,0,0,0,1
1797,3,7144.0,92,0,23,1,1,0,0,0,54,335,0,2013,2,0,0,1,0
106,1,49096.0,15,4,4,1,4,7,0,0,56,43,0,2013,2,0,1,0,0
349,1,72099.0,18,1,3,4,10,1,0,0,46,642,0,2012,0,0,1,0,0
1079,1,24163.0,3,2,1,0,3,4,0,0,50,13,0,2013,2,0,0,1,0
238,1,64961.0,97,2,6,4,4,3,0,0,62,627,0,2012,1,0,0,0,1
213,1,41443.0,79,6,8,1,5,8,0,0,43,311,0,2014,1,0,1,0,0
1144,1,68142.0,96,3,10,4,7,6,0,0,56,562,0,2012,1,0,0,0,1
1511,1,27242.0,2,2,2,0,3,9,0,1,50,103,0,2012,1,0,0,1,0
1374,1,51381.5,87,1,1,0,3,5,0,0,62,26,0,2012,2,0,0,0,1
793,2,61872.0,81,4,4,4,9,4,0,0,50,243,0,2013,1,0,1,0,0
1096,1,53187.0,66,2,4,1,6,5,0,0,50,56,0,2013,1,0,0,0,1
1423,2,31163.0,54,1,1,0,3,6,0,0,47,36,0,2014,1,1,0,0,0
1356,2,59601.0,14,4,2,2,7,8,0,0,43,106,1,2013,1,1,0,0,0
1921,3,61917.0,83,1,2,0,4,5,0,0,46,45,0,2013,2,0,1,0,0
2029,1,38680.0,97,1,2,0,3,7,0,0,36,68,0,2013,1,0,1,0,0
523,2,50353.0,72,1,4,4,6,3,0,0,43,301,0,2014,0,0,1,0,0
232,3,62745.0,89,3,7,8,11,5,0,0,55,555,0,2013,1,0,1,0,0
644,1,66886.0,28,2,7,1,7,5,0,0,62,284,0,2013,1,0,0,0,1
1830,3,57333.0,55,11,8,5,9,6,0,1,66,721,0,2012,1,1,0,0,0
533,1,76982.0,19,1,8,3,4,4,0,1,53,598,1,2014,0,1,0,0,0
1831,3,32313.0,60,3,4,0,4,9,0,0,38,73,0,2013,1,0,0,0,1
603,1,26150.0,61,1,1,0,3,7,0,0,64,23,0,2013,3,1,0,0,0
1456,2,28072.0,10,1,1,0,3,7,0,0,34,17,0,2013,1,0,1,0,0
1074,1,36715.0,16,6,7,2,4,9,0,1,49,185,0,2012,1,0,1,0,0
1700,3,54222.0,98,1,3,3,5,3,0,0,47,65,0,2014,1,0,1,0,0
60,2,75777.0,12,1,3,6,11,1,0,1,38,726,2,2013,0,0,0,1,0
1677,2,78789.0,12,1,4,6,5,2,0,1,40,1087,0,2012,0,1,0,0,0
92,2,51381.5,87,1,2,4,8,1,0,0,47,540,0,2013,0,0,0,0,1
666,1,66731.0,33,4,4,3,6,3,0,0,50,658,0,2012,1,1,0,0,0
1342,3,76542.0,91,1,4,8,10,2,0,0,64,689,0,2013,0,0,0,0,1
1965,2,54690.0,76,3,3,1,5,3,0,0,49,87,0,2013,2,0,1,0,0
280,3,65640.0,74,1,5,1,8,2,0,0,46,257,0,2014,1,0,0,0,1
1891,3,45759.0,13,2,2,0,3,7,0,0,56,26,0,2013,2,0,1,0,0
359,3,37717.0,31,1,1,0,2,9,0,0,42,16,0,2012,1,0,1,0,0
2112,2,25176.0,79,1,1,0,2,7,0,0,44,9,0,2013,2,0,0,0,1
1412,3,34578.0,1,1,1,0,2,6,0,0,48,1,0,2014,3,0,0,0,1
847,3,46374.0,1,3,7,1,7,8,0,1,46,38,2,2014,1,0,1,0,0
1206,1,74918.0,78,1,5,9,6,3,0,0,51,1075,1,2013,0,0,0,0,1
1667,1,27573.0,45,4,5,1,4,8,0,0,45,194,0,2013,1,0,1,0,0
110,1,77298.0,46,1,6,6,11,3,0,0,41,544,0,2013,1,0,0,0,1
42,1,21994.0,4,1,0,0,3,5,0,0,63,13,0,2012,1,0,0,0,1
125,2,71488.0,87,2,3,4,7,1,0,0,55,397,0,2013,0,0,0,0,1
204,1,29604.0,88,1,1,0,3,9,0,0,32,46,1,2013,1,0,0,0,1
52,1,35790.0,54,2,2,0,3,7,0,0,43,60,0,2013,1,0,0,1,0
545,2,27159.0,33,2,1,0,3,6,0,0,47,4,0,2014,2,0,1,0,0
68,1,69096.0,4,1,5,2,10,4,0,0,62,406,0,2013,1,0,0,0,1
1913,1,91249.0,84,0,7,9,6,4,0,1,64,352,4,2012,0,0,0,1,0
1879,1,76532.0,38,4,9,5,7,5,0,0,45,465,0,2013,2,0,0,0,1
1872,3,30396.0,22,2,1,1,2,7,0,1,51,19,1,2014,1,0,1,0,0
183,0,28249.0,80,1,2,0,3,6,0,0,59,42,0,2014,0,0,1,0,0
137,3,33762.0,61,3,2,2,2,8,0,0,61,53,0,2013,3,0,1,0,0
899,1,86429.0,10,0,7,4,7,2,0,1,59,985,1,2013,0,0,0,1,0
796,3,82716.0,8,1,6,8,13,2,0,0,76,561,0,2013,0,0,0,1,0
132,1,73448.0,10,1,7,2,9,4,0,0,51,489,0,2014,0,0,1,0,0
80,1,29760.0,87,4,3,1,4,8,0,0,35,101,0,2012,1,0,0,1,0
2042,1,55801.0,35,6,7,2,6,7,0,0,45,160,1,2013,2,0,0,1,0
1870,1,70300.0,89,3,5,5,13,8,0,0,45,551,0,2013,1,1,0,0,0
541,2,24683.0,98,2,2,0,4,5,0,0,30,33,0,2014,1,0,1,0,0
1935,2,34529.0,94,2,2,2,3,7,0,0,44,94,0,2012,1,0,1,0,0
1379,2,26907.0,10,2,1,0,3,7,0,0,44,13,0,2013,2,0,0,0,1
983,1,85683.0,6,1,2,4,10,1,0,1,66,493,4,2014,0,1,0,0,0
165,1,62551.0,27,1,6,7,4,3,0,0,67,296,1,2013,0,1,0,0,0
248,1,29938.0,52,2,1,0,3,6,0,0,35,23,0,2013,1,0,0,1,0
1331,1,39660.0,36,3,7,1,3,9,0,1,38,160,0,2012,1,0,0,1,0
446,1,57959.0,71,5,4,7,11,3,0,0,65,438,0,2013,1,0,0,1,0
1387,2,63915.0,2,2,6,3,12,5,0,0,64,167,0,2013,2,0,1,0,0
858,3,57906.0,29,3,4,2,8,4,0,0,47,158,0,2013,1,0,0,0,1
1358,1,47025.0,52,3,6,3,5,6,0,0,44,161,0,2013,1,0,0,1,0
1460,3,41145.0,20,1,0,0,3,3,0,0,70,4,0,2014,2,0,1,0,0
97,1,51813.0,37,2,2,0,3,7,0,0,48,12,0,2013,2,1,0,0,0
1404,2,43142.0,84,1,1,0,2,7,0,0,51,15,0,2014,2,0,1,0,0
805,1,73170.0,1,1,5,4,6,2,0,0,45,542,0,2014,0,0,0,1,0
737,1,82224.0,83,1,6,9,5,3,0,0,56,595,1,2014,0,0,1,0,0
2020,2,7500.0,98,4,2,1,3,9,0,0,35,95,0,2012,1,0,0,0,1
102,1,85693.0,59,2,9,5,11,5,0,0,41,783,0,2013,1,0,0,0,1
434,3,32011.0,89,3,2,1,4,7,0,0,49,23,0,2013,1,0,1,0,0
74,1,28332.0,58,1,2,1,4,2,0,0,68,51,0,2014,0,0,1,0,0
577,1,40689.0,69,7,7,1,5,8,0,0,69,174,0,2013,1,0,0,0,1
1447,1,68695.0,3,1,4,4,7,2,0,0,51,633,0,2014,0,0,0,0,1
2214,3,57642.0,24,3,7,6,6,4,0,0,50,99,1,2014,1,0,0,1,0
1230,1,84906.0,98,1,5,6,12,2,0,0,48,634,3,2013,0,0,0,0,1
918,2,24401.0,98,3,6,1,6,8,0,0,41,394,0,2012,0,0,0,0,1
1326,2,88097.0,24,1,6,5,8,9,0,1,42,681,3,2012,1,0,1,0,0
2065,1,69520.0,95,1,9,6,5,5,0,0,37,828,0,2013,0,0,1,0,0
2028,1,60689.0,23,4,4,4,10,3,0,0,69,399,0,2013,1,0,0,1,0
1964,1,40794.0,18,2,6,3,5,7,0,0,45,173,0,2013,1,0,1,0,0
762,2,62058.0,52,4,6,1,7,6,0,0,64,149,0,2013,1,0,1,0,0
989,1,75437.0,25,1,8,4,10,6,0,0,42,698,1,2013,0,0,0,0,1
388,1,74293.0,66,1,5,4,6,2,0,0,27,752,0,2014,0,0,0,1,0
235,3,79761.0,32,1,5,2,11,3,0,0,62,190,0,2013,1,0,0,1,0
1828,1,47743.0,56,3,4,1,6,6,0,0,63,77,1,2013,1,0,1,0,0
267,1,69267.0,31,2,3,4,5,7,0,1,67,857,0,2012,0,0,0,1,0
1329,2,35876.0,13,1,3,1,3,6,0,0,37,63,0,2014,0,0,1,0,0
1494,1,42014.0,56,6,7,1,6,8,0,1,43,192,0,2012,1,0,1,0,0
117,2,36550.0,74,5,9,1,5,9,0,0,42,530,0,2013,1,0,1,0,0
1948,1,46998.0,55,5,5,3,5,7,0,0,64,205,1,2012,1,0,0,1,0
673,3,65295.0,19,1,3,3,13,2,0,0,40,299,0,2013,0,0,0,1,0
249,1,102692.0,5,1,6,9,13,2,0,1,46,944,4,2013,0,1,0,0,0
1763,1,70596.0,68,1,3,5,12,2,0,0,35,621,0,2012,0,0,0,1,0
2225,3,64014.0,56,7,8,2,5,7,0,0,74,38,1,2014,3,0,0,0,1
94,3,23626.0,84,3,3,1,3,5,0,0,50,16,0,2014,1,0,1,0,0
1489,3,53374.0,34,6,4,2,9,9,0,1,51,168,1,2012,1,0,0,0,1
33,3,46610.0,8,6,4,1,6,6,0,1,68,206,0,2012,2,1,0,0,0
1775,1,34600.0,8,5,5,2,5,8,0,1,49,119,0,2013,2,0,0,0,1
2025,1,40059.0,82,1,6,2,3,8,0,0,36,304,1,2013,1,0,1,0,0
448,2,36230.0,17,1,2,0,4,5,0,0,49,45,0,2013,1,0,0,1,0
716,1,72190.0,79,1,5,6,4,3,0,0,55,1350,0,2013,0,0,1,0,0
1525,2,46098.0,86,4,3,2,2,8,0,1,45,63,0,2012,2,0,0,1,0
2050,2,51381.5,52,7,4,10,4,3,0,0,51,346,0,2013,2,0,0,0,1
0,1,58138.0,58,3,8,10,4,7,0,1,63,982,0,2012,0,0,0,1,0
1786,2,28520.0,55,1,1,1,2,6,0,0,60,32,0,2013,2,0,1,0,0
1101,2,65463.0,17,2,6,2,9,5,0,0,46,171,1,2014,1,0,1,0,0
1108,1,71819.0,70,3,3,3,5,6,0,0,49,350,2,2013,1,0,0,0,1
1476,2,75484.0,50,2,7,3,6,4,0,0,44,781,0,2012,1,0,0,0,1
82,2,23559.0,87,3,3,0,3,7,0,0,47,54,0,2013,1,0,1,0,0
1555,1,79865.0,12,1,5,10,5,1,0,0,66,721,0,2014,1,1,0,0,0
676,2,41039.0,32,1,8,1,5,8,0,0,38,433,0,2013,0,0,0,0,1
1760,2,47808.0,30,2,3,2,3,7,0,0,45,101,1,2013,1,0,1,0,0
1046,2,25959.0,1,2,1,2,2,6,0,1,50,52,0,2013,2,1,0,0,0
770,3,74250.0,90,1,2,11,4,1,0,0,62,478,0,2014,0,0,0,0,1
1513,1,69930.0,21,1,4,5,12,3,0,0,49,1410,0,2013,0,0,0,0,1
1545,1,76081.0,85,1,4,5,4,2,0,0,58,741,1,2014,0,0,0,0,1
1968,3,38236.0,2,4,3,0,4,7,0,0,52,30,0,2013,2,0,0,1,0
1808,1,72282.0,70,1,5,7,9,7,0,1,69,828,0,2013,0,0,0,1,0
404,3,30351.0,19,1,3,0,2,9,0,0,46,32,0,2013,1,0,0,0,1
384,1,38823.0,56,1,2,1,3,6,0,0,71,44,0,2012,1,0,0,0,1
1710,3,55424.0,6,4,7,5,9,6,0,1,44,415,1,2012,1,0,1,0,0
1620,1,19444.0,8,3,4,1,2,7,0,1,38,38,0,2014,1,0,0,0,1
104,1,87195.0,35,1,3,11,5,1,0,1,61,880,0,2014,0,0,1,0,0
688,2,61923.0,94,1,2,1,4,3,0,0,59,34,0,2013,2,0,1,0,0
1580,1,34968.0,11,7,3,2,5,7,0,0,40,63,0,2013,1,0,1,0,0
826,2,25130.0,10,2,2,0,3,7,0,0,40,48,0,2013,1,0,0,0,1
1240,1,40521.0,82,1,0,1,2,5,0,0,52,9,0,2013,2,0,0,0,1
62,1,61823.0,26,4,8,2,10,7,0,0,68,361,0,2013,1,0,0,1,0
1305,2,74805.0,14,5,4,7,10,2,0,0,65,611,0,2013,1,0,0,0,1
852,2,85710.0,5,1,6,9,10,2,0,0,31,462,1,2013,0,0,1,0,0
2224,1,61223.0,46,2,9,3,4,5,0,0,53,632,0,2013,1,0,1,0,0
1262,2,85485.0,73,1,6,6,6,2,0,0,62,753,0,2014,0,0,0,1,0
223,1,42011.0,46,4,3,1,4,8,0,0,42,58,0,2013,1,0,0,0,1
145,1,59809.0,36,3,3,3,6,8,0,0,44,279,0,2012,2,0,1,0,0
1088,1,61825.0,56,1,4,2,8,4,0,0,41,262,0,2013,1,0,0,1,0
373,1,30279.0,13,1,1,0,3,8,0,0,31,27,0,2012,1,0,0,1,0
1726,1,70044.0,46,4,7,10,5,5,0,0,66,431,0,2013,1,1,0,0,0
1142,1,26576.0,40,1,1,0,2,9,0,1,34,17,1,2012,1,0,0,1,0
2137,2,41275.0,33,4,3,1,3,5,0,0,60,37,0,2014,3,0,0,0,1
1814,1,63967.0,57,3,4,4,12,2,0,0,52,495,0,2013,1,0,1,0,0
1274,2,49118.0,90,2,9,7,10,7,0,1,49,609,2,2012,0,1,0,0,0
1265,1,38808.0,21,4,5,1,4,8,0,1,48,121,1,2012,1,0,0,1,0
1942,1,56939.0,19,2,3,3,10,3,0,0,44,305,0,2013,1,0,1,0,0
2053,3,70038.0,54,1,4,4,8,2,0,0,38,657,0,2013,0,0,0,0,1
9,3,5648.0,68,1,1,0,0,20,0,0,70,21,1,2014,2,0,0,0,1
449,2,70829.0,87,2,4,2,8,3,0,0,40,290,0,2013,2,0,1,0,0
708,3,76618.0,64,1,3,2,5,1,0,0,45,762,0,2012,0,0,1,0,0
255,1,18701.0,95,4,2,0,4,5,0,0,56,32,0,2013,2,0,0,1,0
882,2,68092.0,7,2,2,6,10,5,0,0,42,429,0,2013,0,0,0,1,0
389,3,51012.0,86,1,4,1,4,6,0,0,74,107,0,2013,0,0,1,0,0
1613,1,18793.0,14,3,2,0,4,8,0,0,49,73,0,2013,1,0,1,0,0
908,1,62820.0,51,1,3,4,6,1,0,0,66,578,0,2013,0,0,1,0,0
924,1,46107.0,78,1,1,1,4,3,0,0,31,94,0,2014,1,0,0,1,0
751,2,40662.0,0,2,2,1,3,4,0,0,41,52,0,2013,1,0,1,0,0
2219,1,24434.0,9,2,2,1,2,7,0,0,48,47,0,2014,2,0,1,0,0
460,1,33183.0,46,2,4,0,3,7,0,0,45,113,0,2014,1,0,1,0,0
1530,3,71969.0,59,3,3,4,9,8,0,0,49,86,1,2012,1,0,1,0,0
1224,3,38197.0,86,1,1,0,3,5,0,0,34,17,0,2013,1,0,0,0,1
1168,2,47353.0,93,3,2,2,6,5,0,0,60,41,0,2013,1,0,1,0,0
958,1,54753.0,87,3,5,2,11,4,0,0,61,531,0,2013,1,0,0,0,1
501,1,53653.0,29,2,10,4,12,6,0,0,67,395,0,2012,0,1,0,0,0
739,2,17003.0,37,3,2,0,4,5,0,0,45,36,0,2013,1,0,1,0,0
40,1,80011.0,3,2,8,6,5,4,0,0,40,974,0,2013,1,0,1,0,0
868,1,80812.0,95,1,4,8,5,2,0,0,67,908,3,2013,0,0,0,0,1
731,0,17487.0,37,1,1,0,2,7,0,0,31,18,0,2013,1,0,1,0,0
539,3,84169.0,9,1,7,6,6,3,0,1,38,441,2,2013,0,0,1,0,0
1201,3,40451.0,54,1,1,1,2,5,0,0,63,14,1,2014,2,0,0,0,1
1339,3,50150.0,32,2,5,2,7,5,0,0,37,275,0,2013,0,0,1,0,0
697,2,41335.0,24,3,4,1,4,7,0,0,52,75,0,2013,1,1,0,0,0
1842,1,22280.0,85,1,1,0,2,8,0,0,45,11,0,2013,1,0,0,0,1
1666,2,20193.0,18,1,1,1,4,4,0,0,29,74,0,2012,0,0,0,0,1
1371,2,51381.5,39,2,4,2,6,5,0,0,50,130,0,2013,1,0,0,0,1
1145,1,7500.0,61,1,1,0,2,8,0,0,41,13,0,2012,1,0,1,0,0
1031,3,37126.0,9,1,1,2,2,6,0,1,49,27,1,2014,1,0,1,0,0
372,1,22585.0,23,1,1,1,2,9,0,1,50,78,1,2013,0,0,0,1,0
667,1,77353.0,38,2,6,4,8,4,0,0,40,395,0,2013,1,0,1,0,0
1431,1,39922.0,30,2,3,0,4,8,0,0,37,127,0,2013,1,0,1,0,0
1934,1,72570.0,67,1,4,6,12,1,0,0,36,815,0,2014,0,0,1,0,0
357,3,62187.0,38,3,6,2,10,4,0,0,51,124,0,2014,1,1,0,0,0
967,2,80573.0,85,1,4,6,13,2,0,0,49,735,0,2012,0,0,0,0,1
783,2,62847.0,45,1,3,6,4,2,0,0,75,1091,0,2013,0,0,0,0,1
735,3,48767.0,79,3,2,1,3,5,0,0,70,35,0,2014,3,0,0,1,0
1353,0,17256.0,10,2,2,1,2,8,0,0,28,56,1,2013,1,0,1,0,0
1035,1,8028.0,62,15,0,1,0,19,0,0,29,105,0,2012,0,0,0,1,0
970,2,56962.0,60,7,6,3,5,7,0,0,55,119,0,2013,3,0,1,0,0
1851,3,69063.0,16,1,5,3,5,3,0,0,54,262,0,2012,1,0,1,0,0
1829,2,62972.0,39,2,7,4,3,6,0,0,65,274,0,2012,1,0,1,0,0
2100,1,82332.0,89,1,5,3,12,2,0,1,59,1176,1,2012,0,0,0,1,0
1920,2,62694.0,29,5,9,3,7,7,0,0,55,370,0,2013,2,0,1,0,0
1561,3,75283.0,26,11,6,3,5,4,0,0,63,286,0,2013,3,0,1,0,0
1850,1,54006.0,42,2,8,1,7,7,0,0,35,407,0,2012,1,0,0,0,1
1328,1,71853.0,29,1,2,8,6,1,0,0,38,791,0,2013,0,0,0,0,1
2033,1,29009.0,19,2,2,0,3,6,0,0,39,38,0,2013,1,0,1,0,0
1810,3,32583.0,10,1,1,0,2,7,0,0,59,4,0,2014,2,0,0,0,1
1425,1,34853.0,75,2,2,0,3,6,0,0,47,25,0,2013,2,0,0,1,0
1464,1,34704.0,65,1,1,0,3,5,0,0,54,11,0,2013,1,0,0,1,0
1993,1,22979.0,29,3,3,2,2,8,0,1,50,99,0,2012,1,0,1,0,0
1252,1,76653.0,91,1,4,7,11,2,0,0,51,1543,2,2013,0,0,0,0,1
2165,3,79174.0,2,1,5,6,7,2,0,1,45,969,2,2013,0,0,1,0,0
2196,1,61014.0,17,4,9,3,4,7,0,0,40,878,0,2012,1,0,1,0,0
1236,2,66000.0,36,1,1,3,5,1,0,0,73,467,0,2014,0,0,0,0,1
885,1,76630.0,93,1,3,10,11,1,0,0,37,748,0,2014,0,0,1,0,0
79,1,56046.0,9,2,10,1,8,8,0,1,55,115,1,2013,0,0,0,0,1
1172,2,90638.0,29,1,3,4,10,1,0,0,29,1369,1,2014,0,0,0,1,0
814,1,22063.0,43,2,2,0,3,7,0,0,48,48,0,2013,1,0,1,0,0
1550,1,27215.0,50,4,2,1,4,6,0,0,59,72,0,2013,3,1,0,0,0
671,1,70337.0,75,1,2,2,12,1,0,0,41,389,0,2014,0,0,0,1,0
1859,2,30538.0,27,4,9,0,4,10,0,0,49,83,0,2012,1,0,0,0,1
57,1,27938.0,31,1,1,0,4,3,0,0,32,16,0,2014,1,0,0,1,0
133,1,51381.5,96,1,6,5,7,4,0,0,57,494,0,2013,1,0,1,0,0
1140,1,54450.0,0,12,9,2,8,8,0,0,64,230,0,2012,2,0,0,0,1
933,2,64831.0,51,8,6,3,5,6,0,0,68,640,0,2013,2,0,0,1,0
928,3,32892.0,78,2,3,0,3,8,0,0,49,20,0,2014,1,0,0,0,1
823,3,55412.0,65,1,2,0,3,5,0,0,44,53,0,2013,2,1,0,0,0
1432,1,33402.0,60,3,2,1,3,8,0,0,68,44,0,2013,2,0,0,0,1
1652,1,34916.0,89,4,5,1,3,9,0,0,52,180,0,2013,2,0,0,0,1
1531,2,59235.0,4,3,11,2,12,7,0,0,53,680,0,2013,1,0,0,1,0
1214,1,26228.0,50,1,1,0,2,8,0,0,47,23,0,2013,1,0,1,0,0
504,1,34935.0,71,1,2,1,4,7,0,0,28,103,0,2013,0,0,1,0,0
2202,2,38054.0,24,2,2,0,3,7,0,0,70,22,0,2014,2,1,0,0,0
347,1,71952.0,93,2,8,4,8,4,0,0,34,787,2,2013,1,0,1,0,0
386,1,90300.0,7,0,5,6,8,1,0,0,41,1144,1,2014,0,0,0,0,1
1024,1,91700.0,58,1,8,6,5,3,0,1,49,1392,0,2013,0,0,0,1,0
1384,3,38887.0,17,1,1,0,3,7,0,0,48,17,0,2014,1,0,0,0,1
894,1,54137.0,46,2,4,1,4,6,0,0,50,32,0,2013,1,1,0,0,0
828,1,71391.0,50,5,6,5,12,3,0,0,64,707,0,2013,1,0,1,0,0
2172,1,42523.0,96,1,1,1,4,2,0,0,56,111,0,2014,0,0,1,0,0
475,1,41124.0,41,7,7,3,4,8,0,0,43,225,0,2012,1,0,1,0,0
1785,1,34074.0,69,5,3,3,3,6,0,0,68,120,1,2013,2,0,0,0,1
1756,1,67131.0,72,3,9,2,12,6,0,0,64,511,0,2013,1,0,1,0,0
1692,2,38452.0,62,3,3,0,3,7,0,0,65,16,0,2014,2,0,1,0,0
652,3,73059.0,36,1,9,3,13,4,0,0,73,685,0,2013,1,0,0,0,1
172,3,53537.0,17,2,2,1,3,5,0,0,61,12,0,2014,2,0,0,0,1
1474,2,19414.0,32,1,1,0,3,8,0,0,39,30,0,2013,1,0,0,0,1
1149,1,46049.0,11,10,5,2,9,7,0,1,44,173,0,2013,2,0,1,0,0
38,1,42429.0,99,2,1,1,3,5,0,0,47,12,0,2014,1,1,0,0,0
1554,1,24645.0,16,1,1,0,2,8,0,0,32,12,0,2012,1,0,1,0,0
713,2,74806.0,1,2,5,4,5,4,0,0,55,295,0,2012,1,0,1,0,0
90,3,51381.5,4,12,7,2,8,9,0,0,63,373,0,2012,3,0,1,0,0
166,1,52332.0,63,1,3,2,6,4,0,0,61,47,1,2013,0,1,0,0,0
1205,1,77044.0,12,2,7,11,11,4,0,0,48,440,1,2013,1,0,0,0,1
875,1,36627.0,78,1,0,0,3,5,0,0,45,7,0,2013,2,1,0,0,0
1637,2,39228.0,1,1,0,0,3,4,0,0,60,13,0,2013,0,1,0,0,0
2036,1,43020.0,79,3,4,1,4,6,0,0,50,178,0,2013,1,0,0,1,0
2171,3,44325.0,69,4,8,2,7,8,0,0,48,26,1,2013,1,0,1,0,0
1093,1,83829.0,78,0,4,7,6,1,0,1,45,965,3,2013,0,1,0,0,0
1155,1,59594.0,74,1,8,1,7,7,0,0,55,42,1,2012,1,0,1,0,0
1324,1,71434.0,4,3,7,4,7,4,0,0,58,689,2,2013,1,0,1,0,0
1676,1,42231.0,99,1,1,0,3,5,0,0,51,13,0,2014,2,0,1,0,0
1350,1,80695.0,85,1,5,8,5,2,0,0,57,1361,0,2013,0,0,0,1,0
510,3,44124.0,62,4,6,2,5,8,0,0,74,113,0,2013,1,0,0,0,1
499,3,64355.0,66,2,4,3,12,8,0,0,35,398,0,2012,1,0,1,0,0
1642,1,22448.0,86,3,2,1,3,3,0,0,38,52,0,2014,1,0,1,0,0
1950,3,56551.0,48,3,2,1,4,4,0,0,70,71,0,2014,2,1,0,0,0
1519,1,28087.0,77,3,2,2,2,7,0,0,62,59,0,2012,2,0,0,0,1
338,3,55212.0,65,3,4,2,11,8,0,0,51,79,2,2012,1,0,1,0,0
1997,1,63684.0,61,3,8,4,8,5,0,0,50,889,0,2012,1,0,1,0,0
1188,2,63841.0,64,1,9,3,9,6,0,0,52,273,0,2013,1,1,0,0,0
28,1,38360.0,26,2,2,1,4,3,0,0,31,95,0,2013,1,0,1,0,0
1540,1,66033.0,76,2,8,3,7,7,0,0,63,384,0,2013,1,1,0,0,0
1217,3,33438.0,81,4,2,1,4,5,0,0,62,28,0,2013,2,1,0,0,0
1602,1,68655.0,95,1,4,5,11,3,0,0,32,1082,0,2012,0,0,0,1,0
794,1,46984.0,71,1,1,0,3,5,0,0,64,22,0,2013,2,1,0,0,0
945,2,44051.0,20,4,3,1,4,6,0,1,47,92,0,2013,2,1,0,0,0
1788,2,36273.0,80,2,3,0,3,6,0,0,43,47,0,2014,1,0,0,1,0
169,1,33456.0,58,2,1,0,3,7,0,0,55,29,0,2014,2,0,0,0,1
1702,2,77520.0,30,1,8,7,7,4,0,1,61,586,3,2013,1,0,1,0,0
1197,2,66636.0,64,1,3,4,9,1,0,0,63,793,0,2013,0,0,0,0,1
1542,2,57530.0,68,1,1,1,4,1,0,0,69,42,0,2013,1,1,0,0,0
1253,3,35860.0,37,2,1,1,2,5,0,0,47,34,1,2014,2,1,0,0,0
1694,3,55012.0,85,6,8,2,9,5,0,0,47,78,0,2014,1,0,0,0,1
912,3,74637.0,73,1,6,9,9,3,0,0,66,690,1,2013,0,0,0,1,0
491,2,59432.0,88,3,5,3,11,5,0,0,58,346,0,2013,1,1,0,0,0
953,1,70647.0,65,2,4,7,13,2,0,0,53,518,0,2012,1,1,0,0,0
1097,1,30023.0,28,1,2,0,3,8,0,0,48,50,0,2014,1,0,1,0,0
1032,1,47703.0,95,4,6,3,8,5,0,0,67,296,0,2013,1,0,1,0,0
587,2,92163.0,25,0,5,11,5,2,0,1,45,1269,2,2012,0,0,1,0,0
750,1,58512.0,25,5,3,4,8,8,0,0,56,276,0,2013,1,0,1,0,0
657,0,25965.0,29,1,2,0,3,8,0,0,40,72,0,2012,0,0,1,0,0
234,2,23661.0,46,1,1,0,3,7,0,0,38,5,0,2013,1,0,0,0,1
732,1,62882.0,26,2,7,5,6,4,0,0,51,829,0,2012,1,0,0,0,1
2221,2,44802.0,71,2,9,4,12,8,0,0,50,196,0,2012,0,0,0,1,0
1980,1,58116.0,38,2,3,3,8,2,0,0,64,215,0,2014,1,0,1,0,0
1156,1,80685.0,55,1,6,4,10,2,0,0,26,763,0,2012,0,0,0,0,1
1784,1,37697.0,82,1,2,1,3,6,0,0,44,50,0,2014,1,0,0,1,0
1732,1,37292.0,32,5,6,3,5,8,0,0,37,185,0,2013,1,0,0,0,1
1973,1,94642.0,35,0,5,7,9,1,0,0,69,1332,2,2014,0,0,1,0,0
934,3,56067.0,51,2,7,4,7,5,0,0,58,208,0,2013,1,0,0,0,1
1209,1,61559.0,8,1,4,2,10,3,0,0,55,251,0,2013,1,0,0,1,0
1065,1,59925.0,83,3,9,2,9,6,0,0,65,293,0,2012,1,0,0,0,1
108,1,38557.0,17,2,3,1,3,7,0,0,42,69,0,2012,1,0,0,1,0
1873,3,50616.0,56,2,4,0,4,7,0,0,52,21,0,2014,1,1,0,0,0
568,2,38593.0,42,3,4,1,3,8,0,0,42,126,0,2013,1,0,0,1,0
1167,0,23724.0,65,2,2,0,3,8,0,0,41,70,0,2013,1,0,0,0,1
1174,1,43140.0,68,1,4,1,5,6,0,0,63,101,0,2013,1,0,1,0,0
1588,2,17144.0,96,5,3,0,4,7,0,0,60,29,0,2014,2,0,0,0,1
1507,1,51766.0,74,2,4,2,4,5,0,0,40,215,0,2014,1,0,0,1,0
1492,2,53253.0,61,7,4,3,5,5,0,0,45,220,0,2013,2,0,0,0,1
890,1,78331.0,97,2,10,6,7,4,0,0,62,882,0,2014,1,1,0,0,0
947,2,46106.0,84,1,1,1,2,6,0,0,44,24,0,2014,2,0,0,0,1
1048,1,70596.0,68,1,3,5,12,2,0,0,35,621,0,2012,0,0,0,1,0
1706,1,35196.0,68,6,6,1,5,8,0,0,36,422,0,2012,1,0,0,0,1
1660,3,77766.0,97,2,11,10,11,6,0,1,53,525,1,2013,1,0,1,0,0
1755,2,21955.0,81,2,2,1,3,6,0,0,34,50,0,2013,1,0,1,0,0
884,2,51390.0,54,6,5,2,5,5,0,0,55,148,0,2012,2,1,0,0,0
2030,1,61416.0,25,1,10,3,10,6,0,0,38,817,1,2013,0,0,0,0,1
2188,1,50501.0,10,7,5,4,4,6,0,1,66,203,1,2013,2,0,1,0,0
2146,2,41713.0,57,5,3,1,4,6,0,0,56,97,0,2014,2,1,0,0,0
850,1,55357.0,66,3,6,2,11,5,0,0,35,353,0,2013,2,0,1,0,0
1587,3,48432.0,3,5,7,1,6,8,0,1,47,102,0,2012,1,0,0,1,0
1407,1,57537.0,83,4,4,3,8,4,0,0,41,354,0,2013,1,0,0,1,0
734,2,34941.0,26,2,3,0,3,8,0,0,64,58,0,2013,2,0,0,0,1
717,1,7500.0,19,5,4,1,2,9,0,1,44,64,1,2012,1,0,1,0,0
454,1,50300.0,52,2,2,1,8,2,0,0,68,127,0,2014,1,0,1,0,0
264,3,38097.0,70,4,3,2,2,7,0,1,50,107,1,2012,2,0,1,0,0
75,1,40246.0,68,1,1,0,2,6,0,0,43,11,0,2012,1,1,0,0,0
2014,2,77027.0,23,2,8,3,6,4,0,0,68,355,0,2014,1,0,1,0,0
444,1,24027.0,7,2,2,0,3,8,0,0,44,34,0,2013,1,0,1,0,0
395,2,14515.0,71,4,2,2,3,7,0,1,40,90,0,2012,1,0,0,0,1
1741,3,63342.0,48,3,8,3,5,6,0,1,59,183,1,2012,1,0,0,0,1
176,3,38853.0,90,2,2,0,3,7,0,0,50,16,0,2014,2,0,1,0,0
1042,1,44529.0,98,6,6,2,11,5,0,0,54,153,1,2013,1,0,1,0,0
2082,0,22390.0,49,1,1,0,2,7,0,0,51,26,0,2013,0,0,0,0,1
1712,3,92491.0,71,1,7,5,12,3,0,1,37,1055,3,2013,0,0,1,0,0
1876,1,52413.0,67,2,7,1,7,7,0,0,36,265,0,2012,1,0,0,1,0
1670,1,33228.0,28,1,2,0,3,7,0,0,40,49,0,2014,1,0,1,0,0
595,1,31089.0,57,3,3,0,4,8,0,0,39,48,0,2012,1,0,0,0,1
61,1,66653.0,18,4,4,2,12,3,0,0,45,160,0,2012,2,0,0,0,1
1296,1,71626.0,94,1,5,5,8,3,0,0,41,759,1,2012,0,0,1,0,0
872,2,17117.0,96,4,3,1,3,9,0,0,42,116,0,2013,1,0,0,0,1
1809,1,50387.0,91,3,6,2,8,5,0,0,64,156,0,2013,2,0,1,0,0
216,2,44551.0,24,2,4,1,5,7,0,0,66,103,0,2013,1,1,0,0,0
278,1,51369.0,84,2,8,2,4,8,0,0,44,279,0,2012,1,0,0,0,1
1548,2,47175.0,81,7,4,2,4,8,0,1,58,73,1,2012,2,0,0,0,1
1392,1,60544.0,92,4,5,1,5,6,0,0,59,88,0,2012,2,0,1,0,0
36,3,67353.0,37,5,5,6,12,2,0,0,50,211,0,2013,1,0,1,0,0
1839,3,57705.0,14,3,8,1,6,6,0,0,54,103,0,2014,1,0,1,0,0
662,3,29187.0,43,1,1,0,3,8,0,0,52,8,0,2013,1,0,1,0,0
2125,1,58692.0,21,1,8,2,4,7,0,0,55,94,0,2014,1,0,1,0,0
1753,1,59481.0,47,2,3,3,8,2,0,0,45,283,0,2013,1,0,0,0,1
977,1,80763.0,17,1,5,11,6,3,0,1,70,741,2,2013,0,0,1,0,0
1571,2,60482.0,81,1,7,2,7,7,0,0,44,252,0,2013,1,0,0,1,0
1908,3,36038.0,82,2,3,0,3,6,0,0,39,24,0,2013,1,0,0,1,0
738,1,83844.0,57,1,4,4,11,1,0,0,68,673,1,2013,0,0,0,0,1
191,1,38872.0,93,2,3,0,3,8,0,0,32,68,0,2013,1,0,1,0,0
919,1,77583.0,93,1,4,5,9,2,0,0,42,777,1,2014,0,0,1,0,0
456,1,60597.0,2,4,2,2,8,7,0,1,56,371,1,2014,1,0,1,0,0
1417,1,28164.0,23,3,2,0,4,7,0,0,50,75,0,2013,1,0,1,0,0
675,1,68743.0,81,1,11,5,13,7,0,0,53,942,0,2012,0,1,0,0,0
760,1,67430.0,6,1,11,5,12,6,0,0,33,769,0,2012,0,0,0,0,1
2126,1,40590.0,30,5,3,4,3,6,0,0,51,104,1,2013,2,1,0,0,0
2003,1,96876.0,79,1,7,7,9,2,0,1,43,1033,3,2013,0,0,0,0,1
728,1,72025.0,46,1,4,8,13,2,0,1,71,710,3,2014,0,0,1,0,0
2091,2,53204.0,40,1,1,0,3,4,0,0,44,16,0,2014,2,0,1,0,0
1399,2,67087.0,40,2,7,5,8,4,0,0,67,465,0,2013,1,0,1,0,0
412,2,19789.0,24,3,2,1,3,5,0,0,45,76,1,2013,1,0,0,0,1
1098,3,76045.0,78,1,4,5,11,2,0,0,60,563,1,2013,0,0,0,1,0
1516,1,3502.0,56,0,0,0,0,14,0,0,47,3,0,2013,1,0,0,1,0
1649,2,50334.0,24,6,7,4,6,6,0,0,48,410,0,2013,1,0,0,0,1
1524,3,69283.0,41,4,7,3,13,5,0,0,45,230,0,2014,1,0,1,0,0
825,3,56575.0,42,3,7,3,7,5,0,0,53,121,0,2013,2,0,0,0,1
2141,1,69209.0,4,2,5,3,6,4,0,0,48,1286,1,2012,0,0,1,0,0
616,1,31632.0,92,1,2,1,2,7,0,0,49,78,0,2013,0,0,0,1,0
114,3,43974.0,19,5,6,4,6,7,0,0,40,173,0,2012,1,0,1,0,0
417,1,30096.0,30,1,2,0,3,6,0,0,37,40,0,2014,1,0,1,0,0
2182,1,27469.0,2,1,0,0,3,6,0,0,73,8,0,2012,0,0,1,0,0
1625,1,22775.0,40,1,1,0,2,8,0,0,42,10,0,2013,1,0,0,0,1
969,2,82576.0,66,1,2,4,12,1,0,0,61,704,1,2012,0,0,0,0,1
604,0,30801.0,23,2,1,0,3,7,0,0,45,37,0,2012,1,0,1,0,0
2186,1,43322.0,25,1,3,0,4,7,0,0,46,85,0,2014,0,0,0,1,0
89,1,54178.0,79,1,2,2,5,2,0,0,53,59,0,2014,1,0,0,0,1
848,1,60474.0,25,7,10,2,12,7,0,0,41,915,0,2013,1,0,0,1,0
1845,3,82733.0,28,1,8,4,7,4,0,1,36,611,0,2013,0,0,0,1,0
2185,2,8820.0,52,4,3,0,3,8,0,0,68,23,0,2013,2,0,0,1,0
753,2,35523.0,8,2,3,0,3,7,0,0,39,55,0,2013,1,0,1,0,0
498,0,24279.0,6,1,4,1,3,8,0,0,30,247,0,2012,0,0,1,0,0
1276,2,39767.0,18,2,7,1,7,8,0,0,69,372,0,2013,0,0,0,0,1
1325,1,90842.0,57,1,4,9,13,1,0,0,72,650,0,2013,0,0,0,1,0
1630,1,44078.0,17,2,2,0,3,5,0,0,51,17,0,2014,2,0,1,0,0
11,0,7500.0,59,1,2,0,3,8,0,0,44,55,0,2012,0,0,1,0,0
396,2,31395.0,80,4,2,1,3,6,0,0,64,41,0,2013,2,1,0,0,0
284,2,50898.0,88,13,6,2,12,5,0,0,64,574,0,2013,2,0,0,0,1
2178,2,65487.0,48,3,3,5,6,2,0,0,63,929,0,2014,0,0,0,0,1
1066,1,39722.0,92,2,2,0,3,5,0,0,67,15,0,2014,1,0,1,0,0
1191,3,78075.0,72,1,3,5,5,1,0,0,48,416,0,2014,0,0,1,0,0
1440,3,70038.0,54,1,4,4,8,2,0,0,38,657,0,2013,0,0,0,0,1
1600,2,60432.0,61,5,7,2,5,6,0,0,47,36,0,2014,1,0,1,0,0
2084,1,79244.0,58,1,4,10,7,1,0,1,27,745,2,2012,0,0,0,0,1
2083,1,71322.0,31,1,4,1,7,2,0,0,44,229,0,2014,1,0,0,0,1
1450,1,93790.0,16,0,6,7,12,2,0,1,50,1047,3,2014,0,0,0,1,0
690,3,26518.0,33,3,2,0,3,8,0,1,71,37,0,2013,2,0,0,1,0
1978,1,51373.0,37,1,3,5,3,4,0,0,29,310,0,2013,0,0,1,0,0
1568,1,45203.0,4,1,3,1,3,6,0,1,38,112,0,2014,2,0,0,0,1
2164,1,65210.0,25,2,9,3,8,6,0,0,65,105,2,2014,1,0,1,0,0
2152,1,47320.0,10,6,5,1,8,6,0,0,63,214,0,2013,1,0,0,0,1
689,1,34824.0,65,1,1,0,2,6,0,0,25,19,0,2014,0,0,0,1,0
1687,2,42033.0,95,1,1,0,2,7,0,0,49,14,0,2012,2,0,0,0,1
851,1,37758.0,49,2,1,0,3,8,0,0,54,13,0,2012,2,0,0,0,1
1498,2,57136.0,48,9,5,2,10,6,0,0,48,336,0,2013,2,0,1,0,0
159,1,80317.0,64,1,3,4,10,1,0,0,65,695,0,2013,0,0,0,1,0
895,1,66825.0,73,1,4,5,6,2,0,0,53,615,0,2013,0,0,0,0,1
1912,2,70932.0,57,2,6,2,12,3,0,0,48,709,0,2014,1,0,1,0,0
257,1,15287.0,60,2,1,1,2,7,0,1,41,30,1,2012,1,1,0,0,0
335,1,83003.0,18,1,7,6,8,3,0,1,55,818,1,2013,0,0,0,0,1
2166,2,81380.0,51,1,4,2,10,2,0,0,53,1152,0,2012,0,1,0,0,0
1039,2,33585.0,91,1,2,0,4,4,0,0,54,92,0,2013,1,0,1,0,0
515,2,80184.0,19,1,6,3,10,3,0,0,76,867,2,2014,0,0,1,0,0
1348,1,38136.0,69,2,3,1,2,8,0,0,42,95,1,2013,1,0,1,0,0
1015,3,64504.0,81,7,11,3,4,7,0,1,67,328,0,2013,3,0,0,0,1
768,1,41452.0,86,1,1,0,2,7,0,0,67,3,0,2013,2,0,0,0,1
2090,1,76068.0,67,1,2,3,4,6,0,0,45,261,2,2012,1,0,1,0,0
441,1,23295.0,72,1,1,0,2,8,0,0,61,20,0,2013,0,1,0,0,0
1800,3,63159.0,74,1,3,5,8,3,0,0,46,832,1,2012,0,0,0,1,0
761,2,46891.0,91,1,2,1,4,4,0,0,55,140,0,2013,1,0,1,0,0
1246,1,74716.0,92,2,7,3,5,4,0,0,48,727,0,2013,1,0,1,0,0
1203,1,42213.0,96,2,5,1,7,7,0,0,63,54,1,2013,1,0,0,0,1
1781,1,34026.0,11,3,2,1,3,5,0,0,70,58,0,2013,2,0,0,0,1
1123,2,67381.0,67,4,2,2,9,7,0,0,69,142,1,2013,1,0,1,0,0
521,1,32880.0,76,1,1,0,3,8,0,0,34,34,0,2012,1,0,1,0,0
22,3,58607.0,63,3,2,3,9,8,0,0,71,105,1,2012,1,0,1,0,0
356,1,78618.0,87,1,4,7,10,2,0,0,63,1417,1,2012,0,0,1,0,0
1277,0,26997.0,89,2,4,2,5,7,0,0,69,427,0,2012,0,0,1,0,0
1312,2,81843.0,13,1,5,9,12,3,0,0,60,864,0,2013,0,0,1,0,0
1635,0,24594.0,94,1,1,0,3,5,0,0,41,28,0,2013,1,0,0,0,1
2046,1,23478.0,51,1,3,0,3,8,0,0,55,101,0,2013,0,0,0,1,0
340,0,27190.0,13,1,1,0,2,8,0,1,47,17,1,2013,1,0,0,0,1
431,2,50943.0,49,1,1,0,3,5,0,0,64,15,0,2013,1,0,0,0,1
473,2,55842.0,19,1,7,1,8,5,0,0,43,67,0,2014,1,0,1,0,0
217,1,69508.0,48,2,11,4,11,6,0,0,40,311,0,2012,1,0,0,0,1
911,2,42607.0,30,2,3,2,7,3,0,0,66,194,0,2013,1,0,0,1,0
1227,3,37395.0,47,1,1,0,3,6,0,0,44,21,0,2014,1,0,0,0,1
1936,1,70792.0,82,2,3,4,10,3,0,0,69,928,0,2013,0,1,0,0,0
1011,1,32300.0,1,1,1,0,3,8,0,0,47,26,0,2013,1,0,1,0,0
957,1,50183.0,47,7,3,1,6,5,0,0,40,134,0,2014,2,0,1,0,0
93,2,42394.0,69,1,1,0,3,7,0,0,48,17,0,2014,1,0,0,1,0
1008,2,59412.0,56,1,4,2,8,3,0,0,69,316,0,2014,0,0,1,0,0
1070,2,26907.0,10,2,1,0,3,7,0,0,44,13,0,2013,2,0,0,0,1
1092,1,56775.0,62,2,5,8,10,5,0,0,41,323,0,2013,1,0,1,0,0
1924,2,29543.0,47,2,3,1,2,7,0,0,52,46,0,2014,2,0,1,0,0
1308,1,47009.0,89,4,3,2,8,4,0,0,55,277,0,2013,1,0,0,0,1
696,2,90247.0,27,1,3,4,7,1,0,1,32,437,3,2014,0,0,0,1,0
1109,3,33569.0,10,1,1,1,2,8,0,1,37,47,1,2013,1,0,1,0,0
996,1,22434.0,25,2,2,0,3,8,0,0,33,54,0,2013,1,0,0,0,1
1458,1,50725.0,45,4,8,1,8,8,0,0,67,143,0,2013,1,0,1,0,0
1679,1,58350.0,5,4,8,3,12,6,0,0,49,508,0,2013,1,0,0,1,0
153,1,34176.0,12,4,3,0,4,6,0,0,32,84,0,2014,1,0,0,1,0
1099,3,50870.0,13,1,2,0,3,5,0,0,68,10,0,2014,1,0,1,0,0
246,2,65176.0,57,4,9,6,6,6,0,0,51,571,0,2012,1,0,0,0,1
2228,3,52869.0,40,3,3,1,4,7,0,1,66,88,0,2012,2,0,1,0,0
789,3,70421.0,98,3,10,3,7,6,0,0,66,288,0,2014,1,0,1,0,0
580,1,39453.0,64,2,2,0,3,6,0,0,37,9,0,2014,1,0,0,0,1
1470,2,41020.0,68,1,3,2,4,3,0,0,33,105,0,2013,0,0,0,1,0
703,1,25252.0,26,1,1,0,2,8,0,0,34,17,0,2013,1,0,1,0,0
1212,1,34377.0,55,2,2,2,2,7,0,0,57,52,0,2013,1,0,0,1,0
1295,1,44267.0,48,5,5,2,4,9,0,0,50,127,0,2013,2,1,0,0,0
2023,1,17649.0,70,3,3,0,3,8,0,0,44,30,0,2013,1,0,1,0,0
1260,1,19656.0,94,3,2,1,3,7,0,0,50,59,0,2013,1,0,0,0,1
487,1,46310.0,99,2,6,1,5,8,0,0,44,124,0,2012,1,1,0,0,0
1624,3,52854.0,43,2,2,1,4,5,0,0,61,11,0,2014,2,0,1,0,0
559,2,62466.0,13,5,6,3,12,4,0,0,50,760,0,2014,1,0,1,0,0
1141,3,57744.0,91,2,9,1,4,8,0,0,66,61,0,2013,1,0,1,0,0
2076,1,56796.0,24,3,8,9,7,7,0,0,51,345,0,2013,1,0,1,0,0
1119,1,86358.0,78,4,5,3,6,8,0,0,54,765,0,2012,2,0,0,1,0
801,1,59666.0,87,7,3,2,8,8,0,0,48,404,1,2013,2,0,1,0,0
1774,1,71232.0,91,2,11,2,10,7,0,0,61,264,0,2013,1,0,0,0,1
512,1,36443.0,9,4,3,1,3,8,0,0,59,73,0,2013,2,0,1,0,0
633,2,63120.0,53,5,8,4,9,7,0,1,70,512,0,2012,1,1,0,0,0
1795,1,44689.0,82,2,1,1,2,7,0,0,69,16,1,2014,2,0,1,0,0
1664,2,72635.0,54,1,6,8,6,3,0,0,65,591,1,2013,0,0,1,0,0
1012,1,20180.0,27,1,2,1,4,7,0,0,44,119,0,2013,0,0,0,1,0
1877,3,44155.0,24,1,1,1,2,4,0,0,63,24,0,2014,2,0,1,0,0
1150,1,56715.0,52,1,7,3,4,4,0,0,46,762,0,2012,0,0,0,0,1
790,2,60161.0,17,3,11,4,8,8,0,0,55,487,0,2012,1,1,0,0,0
116,1,90765.0,25,0,4,6,5,1,0,0,50,1177,2,2014,0,0,1,0,0
1497,2,63206.0,65,1,4,3,6,2,0,0,46,178,1,2014,0,0,1,0,0
740,1,71163.0,30,1,3,8,12,1,0,0,25,677,0,2014,0,0,0,1,0
2055,1,67445.0,63,5,9,6,12,6,0,0,46,417,0,2012,1,0,1,0,0
1081,1,43776.0,77,1,1,0,2,6,0,0,37,15,0,2014,1,0,0,0,1
1627,3,59821.0,11,6,11,2,7,8,0,0,65,105,0,2013,1,0,1,0,0
830,1,81702.0,98,1,7,7,12,3,0,0,40,1070,0,2012,0,1,0,0,0
119,1,21918.0,37,2,2,0,3,6,0,0,51,32,0,2013,1,0,0,0,1
656,1,58330.0,87,1,6,4,13,4,0,0,45,619,0,2013,1,1,0,0,0
2012,2,43815.0,53,1,2,0,3,6,0,0,38,65,0,2013,1,0,1,0,0
1953,1,44359.0,19,3,2,0,4,3,0,0,42,25,0,2014,2,0,1,0,0
2181,1,40851.0,63,1,1,1,2,7,0,0,49,36,0,2013,2,1,0,0,0
635,1,63381.0,78,4,4,5,13,2,0,0,60,434,0,2012,1,0,0,0,1
369,1,63810.0,45,4,4,3,12,8,0,0,54,394,1,2012,1,0,0,1,0
268,2,31788.0,15,3,3,0,4,5,1,0,37,44,0,2014,1,0,0,1,0
655,1,19986.0,74,1,0,0,3,7,0,0,35,19,0,2013,1,0,1,0,0
935,1,82025.0,76,1,3,2,6,1,0,1,37,920,1,2013,0,1,0,0,0
822,1,16529.0,23,1,1,0,3,6,0,0,36,19,0,2014,1,0,0,0,1
866,2,42395.0,35,4,3,1,4,7,0,0,39,134,0,2014,2,0,0,1,0
46,2,7500.0,24,3,3,1,3,9,0,1,24,119,0,2012,0,0,1,0,0
1373,2,54342.0,74,4,3,1,4,6,0,0,64,93,0,2013,2,0,0,0,1
883,1,31814.0,73,2,2,0,3,9,0,0,47,48,1,2013,1,0,1,0,0
991,1,52845.0,7,3,8,8,6,6,0,0,47,552,1,2013,1,0,1,0,0
876,2,51111.0,83,2,2,0,3,6,0,0,39,33,0,2014,2,0,1,0,0
773,3,71466.0,86,1,4,4,10,1,0,0,46,818,0,2014,0,0,0,1,0
1219,3,61284.0,76,1,11,2,8,6,0,0,65,193,1,2013,0,0,0,1,0
1126,1,85606.0,89,2,6,7,9,3,0,0,44,1239,1,2012,1,0,0,0,1
4,3,58293.0,94,5,5,3,6,5,0,0,39,249,0,2014,1,0,1,0,0
2113,1,43586.0,26,3,3,0,4,8,0,0,40,33,0,2012,1,0,1,0,0
1003,1,77568.0,30,1,10,2,8,5,0,0,41,964,3,2012,1,0,0,0,1
2026,1,60905.0,27,2,3,3,7,2,0,0,70,184,0,2013,1,0,0,0,1
2074,1,68487.0,48,1,9,7,13,4,0,0,32,608,0,2013,0,0,1,0,0
263,1,80124.0,47,1,3,7,8,1,0,0,57,1012,1,2014,0,0,1,0,0
1958,1,77226.0,29,2,6,8,12,3,0,0,57,507,0,2014,1,0,0,0,1
612,2,35791.0,94,2,1,0,3,8,0,0,55,8,0,2013,3,0,0,1,0
443,1,81246.0,87,1,4,5,7,1,0,0,56,981,2,2013,0,0,0,1,0
1002,3,36736.0,52,1,1,0,2,6,0,0,57,7,0,2013,2,0,0,1,0
1077,2,75345.0,16,1,5,8,6,3,0,1,50,1169,1,2013,0,0,0,1,0
2203,2,80617.0,42,1,4,6,8,2,0,0,25,841,0,2012,0,0,0,1,0
837,2,82504.0,2,1,3,6,7,1,0,0,60,704,0,2013,0,0,1,0,0
681,3,77845.0,40,1,3,5,12,1,0,0,31,586,2,2014,0,0,0,0,1
1715,3,38513.0,20,5,6,1,5,8,0,1,38,152,0,2014,1,0,0,1,0
304,1,77457.0,85,1,2,5,10,1,0,0,73,482,1,2014,0,0,0,1,0
1365,3,50611.0,98,6,4,5,7,6,0,0,60,34,1,2012,1,1,0,0,0
1892,1,22148.0,16,1,1,0,3,7,0,0,37,34,0,2014,0,0,0,1,0
313,1,40321.0,59,2,3,0,3,7,0,0,48,58,0,2013,2,0,1,0,0
149,2,49605.0,65,1,2,1,4,3,0,0,54,85,0,2014,0,0,1,0,0
1148,3,23091.0,98,4,2,1,3,7,0,0,57,13,0,2014,2,0,0,1,0
1213,0,8940.0,25,3,3,1,3,8,0,0,34,100,0,2012,1,0,0,1,0
574,3,47472.0,39,2,2,0,4,5,0,0,54,19,0,2013,2,0,0,0,1
1721,3,46910.0,36,2,2,0,3,6,0,0,56,20,0,2014,2,0,0,0,1
1688,3,86580.0,72,0,4,2,5,1,0,0,37,214,1,2013,0,0,1,0,0
50,1,65486.0,29,1,4,2,10,2,0,0,63,262,0,2014,1,1,0,0,0
1886,1,49160.0,29,2,3,1,6,6,0,0,71,114,0,2013,1,1,0,0,0
726,3,45072.0,74,5,6,1,4,8,0,0,72,140,0,2013,3,1,0,0,0
1823,3,54693.0,72,8,6,4,13,6,0,0,58,243,0,2013,1,0,1,0,0
833,1,34026.0,11,3,2,1,3,5,0,0,70,58,0,2013,2,0,0,0,1
1377,1,92344.0,9,0,5,10,5,1,0,0,72,907,2,2014,0,0,1,0,0
1115,2,52034.0,67,5,4,2,5,7,0,0,47,186,0,2013,2,1,0,0,0
1166,2,66726.0,61,3,8,2,4,7,0,0,63,89,1,2014,2,0,1,0,0
470,1,20518.0,58,1,1,1,2,5,0,0,32,21,0,2014,1,0,0,1,0
971,1,35704.0,54,3,2,0,4,4,0,0,68,64,0,2014,2,0,1,0,0
653,3,46734.0,86,4,3,2,3,6,0,0,54,123,1,2013,3,0,0,1,0
399,1,30507.0,29,1,5,1,4,7,0,0,60,278,0,2013,0,0,0,0,1
511,2,81169.0,47,1,5,7,9,2,0,0,45,801,0,2013,0,0,0,1,0
1947,1,29478.0,59,1,1,0,3,6,0,0,44,12,0,2014,1,0,0,0,1
320,3,64325.0,41,5,10,3,5,7,0,0,59,576,0,2013,1,1,0,0,0
19,2,33812.0,86,2,2,1,3,6,0,0,35,129,0,2012,1,0,0,1,0
684,1,61209.0,73,1,5,3,4,2,0,0,50,491,0,2013,0,0,0,1,0
35,2,49389.0,55,1,2,0,3,7,0,0,69,25,0,2013,2,0,0,1,0
1848,2,21024.0,89,1,2,0,4,7,0,0,44,48,0,2013,0,0,0,0,1
902,3,45921.0,23,1,2,1,6,4,0,0,34,97,0,2014,0,0,1,0,0
2108,3,69805.0,50,2,6,8,11,2,0,0,68,288,0,2014,1,0,0,0,1
827,1,35441.0,94,2,1,0,3,8,0,0,53,14,0,2013,2,0,1,0,0
524,1,61839.0,20,1,4,8,4,8,0,0,56,895,0,2012,0,0,0,1,0
407,1,53858.0,50,4,4,3,6,4,0,0,44,508,0,2012,1,0,1,0,0
920,2,74116.0,53,1,4,4,10,2,0,0,38,1181,1,2013,0,0,0,1,0
1841,2,83257.0,56,1,5,10,12,6,1,1,25,829,2,2012,0,0,0,1,0
537,1,43638.0,37,2,4,1,4,7,0,0,51,138,0,2012,1,1,0,0,0
758,1,48726.0,90,3,3,2,4,6,0,0,65,104,0,2013,1,0,1,0,0
1705,0,18746.0,41,2,3,0,3,6,0,0,28,62,0,2014,1,0,0,1,0
2180,2,89616.0,36,1,7,5,12,2,0,1,37,973,0,2013,0,0,0,1,0
1062,1,67023.0,93,1,3,7,13,2,1,0,42,462,0,2014,0,0,1,0,0
1199,3,84618.0,96,1,6,9,10,2,0,0,55,988,1,2013,0,0,1,0,0
245,3,67546.0,90,1,4,10,5,3,0,0,32,1262,0,2012,0,0,1,0,0
1834,2,68148.0,86,1,4,4,6,2,0,0,63,653,0,2013,0,0,0,0,1
1416,1,18690.0,77,1,1,1,2,8,0,0,61,54,0,2012,0,0,1,0,0
1127,1,72903.0,74,1,7,5,8,4,0,1,35,946,3,2013,0,0,0,1,0
784,3,82017.0,58,1,5,4,7,2,0,1,63,545,3,2012,0,0,1,0,0
1409,1,51315.0,45,1,2,2,5,2,0,0,72,154,0,2014,0,0,0,0,1
489,2,58308.0,77,4,2,6,3,8,0,0,56,209,0,2013,1,0,0,1,0
154,3,61010.0,57,2,8,5,11,5,0,0,68,133,0,2012,1,0,0,0,1
1662,1,86610.0,66,1,5,6,6,2,0,0,69,1157,0,2013,0,0,0,0,1
961,3,34596.0,48,1,1,0,2,8,0,1,46,9,0,2013,1,0,1,0,0
1686,1,62335.0,87,2,3,3,13,2,0,0,68,465,0,2013,1,1,0,0,0
853,1,23228.0,71,2,2,0,3,8,0,0,51,27,0,2014,1,0,0,0,1
1311,1,37235.0,68,1,1,1,2,4,0,0,36,41,0,2014,1,0,0,0,1
625,3,69084.0,43,2,7,3,13,8,0,0,50,405,0,2013,1,0,1,0,0
1815,2,52513.0,84,2,9,5,9,7,0,0,42,782,0,2012,0,0,0,0,1
685,2,42315.0,90,3,1,4,4,3,0,0,62,203,0,2013,1,0,0,0,1
1898,1,33235.0,71,1,3,0,3,7,0,0,34,25,0,2014,1,0,0,0,1
569,3,64413.0,27,1,5,1,5,5,0,0,50,79,0,2013,1,0,0,0,1
565,1,38200.0,19,1,1,0,2,7,0,0,50,5,0,2012,2,0,0,0,1
1758,1,71853.0,29,1,2,8,6,1,0,0,38,791,0,2013,0,0,0,0,1
1816,1,25293.0,51,1,1,1,2,8,0,0,51,22,0,2013,1,0,1,0,0
17,1,37760.0,20,2,4,1,6,7,0,0,74,233,0,2012,0,0,0,0,1
127,2,54348.0,51,2,2,0,4,6,0,0,67,20,0,2014,2,0,1,0,0
1346,1,69109.0,10,1,6,6,7,4,0,1,38,732,1,2012,0,0,1,0,0
1279,3,57091.0,82,2,9,2,5,7,0,1,48,34,1,2012,1,0,1,0,0
2211,2,75777.0,12,1,3,6,11,1,0,1,38,726,2,2013,0,0,0,1,0
927,1,75127.0,92,1,2,11,5,1,0,0,68,630,0,2014,0,0,0,1,0
980,1,75759.0,46,1,9,7,9,5,0,1,51,1092,3,2013,0,0,1,0,0
252,3,30899.0,35,2,1,0,3,6,0,0,46,9,0,2012,1,0,0,1,0
190,3,66973.0,98,1,8,7,12,3,0,0,31,816,0,2013,0,0,0,0,1
1139,1,42162.0,31,2,3,1,3,6,0,1,39,99,1,2013,1,0,0,0,1
992,1,46086.0,34,4,3,1,8,4,0,0,64,99,0,2013,1,1,0,0,0
699,3,35682.0,34,1,1,1,3,2,0,0,50,34,0,2014,1,1,0,0,0
2035,1,37150.0,80,8,4,3,6,7,0,0,49,300,0,2012,1,0,1,0,0
606,2,26877.0,74,2,3,1,6,6,0,0,51,167,0,2013,0,0,0,1,0
180,2,16248.0,77,3,2,1,3,6,0,0,32,45,0,2014,1,0,1,0,0
301,1,23976.0,68,3,3,1,3,7,0,0,36,52,0,2013,1,0,0,0,1
496,1,27203.0,92,2,1,1,2,8,0,0,70,51,0,2012,2,0,0,0,1
1372,2,46390.0,56,1,4,2,3,7,0,0,65,127,0,2014,1,1,0,0,0
279,1,37760.0,20,2,4,1,6,7,0,0,74,233,0,2012,0,0,0,0,1
2018,1,23272.0,29,1,1,0,3,4,0,0,67,27,0,2013,0,1,0,0,0
2101,1,58275.0,48,6,8,2,7,7,0,0,65,426,0,2013,2,1,0,0,0
1915,1,80982.0,48,3,11,5,11,5,1,0,61,686,0,2013,2,0,0,1,0
1989,3,32644.0,38,4,7,1,6,8,0,0,47,174,1,2013,1,0,1,0,0
517,2,73454.0,95,1,2,4,6,5,0,0,33,669,1,2014,0,0,0,1,0
1396,2,44511.0,39,6,8,4,8,8,0,0,50,214,0,2012,1,0,1,0,0
1069,3,87171.0,27,1,6,7,11,2,0,0,39,297,2,2013,0,0,1,0,0
476,2,38961.0,60,1,2,1,2,7,0,0,47,51,0,2013,1,0,1,0,0
157,1,60199.0,49,1,0,0,3,4,0,0,42,10,0,2013,3,0,0,1,0
1243,3,69969.0,64,1,4,2,6,3,0,1,55,654,2,2013,0,0,1,0,0
1195,2,51412.0,42,2,3,2,4,4,0,0,62,55,0,2013,1,0,1,0,0
16,1,41850.0,51,3,3,0,3,8,0,0,40,43,0,2012,2,0,1,0,0
1535,3,51411.0,81,1,0,0,3,5,0,0,67,4,0,2013,3,0,0,1,0
1072,3,41014.0,65,1,1,0,2,7,0,0,42,13,0,2013,1,0,1,0,0
2213,2,33562.0,33,3,2,0,4,4,0,0,57,30,0,2014,3,0,1,0,0
546,2,39548.0,87,2,1,1,3,3,0,0,57,39,0,2014,2,0,0,1,0
1539,1,30983.0,50,1,4,0,3,8,0,1,57,116,0,2012,0,0,0,1,0
658,2,14661.0,88,1,1,0,3,6,0,0,64,22,0,2013,0,0,0,0,1
1971,1,24570.0,97,3,4,0,4,9,0,0,36,165,0,2013,1,0,1,0,0
1852,2,11448.0,16,1,1,0,2,6,0,0,45,14,0,2013,0,1,0,0,0
1019,1,28647.0,54,1,2,2,2,7,0,1,42,75,1,2013,1,0,0,1,0
2019,2,49912.0,5,4,10,5,7,8,0,1,71,354,1,2012,1,0,0,0,1
1504,1,73538.0,92,3,10,4,9,7,0,0,55,847,0,2012,1,0,1,0,0
959,1,92955.0,35,1,6,7,9,2,0,1,47,1085,2,2013,0,0,1,0,0
2168,1,52914.0,32,2,7,3,3,7,0,0,49,321,1,2013,1,0,1,0,0
283,1,75278.0,17,1,6,3,13,3,0,0,68,626,0,2013,0,0,0,0,1
1632,2,35924.0,56,1,1,0,3,5,0,0,51,26,0,2014,2,0,0,0,1
797,1,48192.0,76,3,2,8,12,8,0,1,62,487,3,2013,0,0,1,0,0
1972,3,25509.0,15,3,3,0,3,9,0,1,46,61,0,2012,1,1,0,0,0
225,1,51537.0,27,3,2,2,11,8,0,0,68,316,0,2012,1,1,0,0,0
26,1,53359.0,4,4,5,1,4,7,0,0,44,84,0,2013,2,0,1,0,0
2103,1,34587.0,68,2,1,0,3,4,0,0,67,15,0,2014,2,0,0,0,1
1799,1,90369.0,2,1,4,6,6,1,0,1,64,1296,0,2014,0,0,1,0,0
437,3,56223.0,72,2,2,1,5,4,0,0,72,79,0,2013,1,0,1,0,0
2201,1,88325.0,42,1,6,2,9,2,0,0,39,1104,0,2014,0,0,0,0,1
1388,1,39996.0,85,1,1,0,2,6,0,0,46,4,0,2014,2,1,0,0,0
229,2,81975.0,2,1,6,3,4,7,0,0,58,605,1,2013,1,1,0,0,0
37,2,23718.0,76,3,3,1,2,7,0,0,44,75,0,2013,1,0,1,0,0
1693,1,18358.0,49,3,3,0,4,7,0,0,31,51,0,2013,1,0,0,1,0
749,3,62220.0,55,5,7,6,5,6,0,1,48,427,0,2012,1,0,0,0,1
1045,3,69098.0,82,1,7,8,9,5,0,0,71,1125,0,2013,0,0,1,0,0
1398,2,47352.0,70,4,6,1,5,7,0,0,69,147,0,2013,1,0,0,0,1
469,1,38415.0,91,2,1,0,3,7,0,0,42,22,0,2013,2,0,1,0,0
1906,1,57107.0,44,7,4,4,8,8,0,1,52,257,2,2012,1,0,0,1,0
954,3,52597.0,69,3,6,3,8,5,0,0,58,86,0,2014,1,0,0,1,0
2210,1,58025.0,81,3,3,2,10,4,0,0,41,200,0,2013,1,0,1,0,0
687,2,47570.0,3,3,2,2,2,7,0,1,71,54,0,2013,2,1,0,0,0
1056,3,35860.0,37,2,1,1,2,5,0,0,47,34,1,2014,2,1,0,0,0
639,2,77632.0,73,1,4,2,6,2,0,1,73,1052,2,2013,0,0,0,0,1
2066,1,64713.0,11,2,5,5,7,4,0,1,50,422,0,2014,1,1,0,0,0
1218,3,75032.0,74,2,5,4,9,3,0,0,61,263,0,2013,1,0,1,0,0
1158,1,62710.0,53,4,4,2,12,4,0,0,48,165,0,2013,1,0,1,0,0
1415,3,54132.0,81,1,1,0,3,7,0,0,51,12,0,2014,1,0,0,0,1
1985,1,13672.0,86,2,1,0,3,8,0,0,60,19,0,2013,2,0,0,0,1
1527,2,23331.0,97,6,5,1,5,9,0,0,32,165,0,2012,1,0,0,1,0
1939,1,36065.0,54,3,3,0,3,8,0,0,52,56,0,2013,2,0,0,1,0
2191,1,57731.0,0,4,8,8,6,6,0,0,51,438,0,2012,1,0,0,1,0
1300,1,65169.0,23,1,10,4,13,6,0,1,38,115,4,2014,0,0,1,0,0
2218,2,51381.5,53,0,0,0,1,0,0,0,42,1647,1,2012,0,0,0,0,1
800,1,55267.0,28,4,3,4,6,3,0,0,63,244,0,2013,1,0,1,0,0
1603,2,12393.0,38,1,2,0,3,9,0,0,42,52,0,2012,0,0,1,0,0
160,2,30523.0,0,1,1,0,2,7,0,0,62,8,0,2013,3,0,0,1,0
1704,1,80398.0,92,1,5,8,12,3,0,0,54,1255,1,2012,0,0,1,0,0
956,3,40233.0,84,5,2,1,5,6,0,0,45,69,0,2013,1,0,1,0,0
1743,2,31859.0,3,1,1,0,3,7,0,0,40,45,0,2014,1,0,0,1,0
1186,1,62307.0,94,1,4,0,4,5,0,0,68,73,0,2014,1,0,0,1,0
821,3,80995.0,83,1,8,9,4,4,0,0,62,622,0,2013,1,1,0,0,0
1729,1,54984.0,51,4,6,1,6,7,0,0,61,185,1,2014,1,0,1,0,0
2045,1,48794.0,97,1,1,0,3,4,0,0,67,29,0,2014,2,0,0,0,1
877,3,86857.0,96,1,5,6,10,2,0,1,48,1215,0,2012,0,0,0,1,0
1919,1,64849.0,42,1,9,3,6,5,0,1,63,684,0,2012,0,0,0,1,0
913,3,46015.0,25,1,1,0,3,7,0,0,65,8,2,2014,2,0,0,0,1
1884,1,61671.0,23,8,10,4,6,8,0,0,52,91,2,2014,1,1,0,0,0
152,2,46344.0,28,4,7,1,5,7,0,0,48,196,0,2012,1,0,0,0,1
98,2,78497.0,44,1,5,7,12,2,0,0,69,771,1,2013,0,0,1,0,0
2106,2,66476.0,80,2,6,8,10,4,0,0,51,271,0,2013,1,0,0,0,1
509,2,89120.0,78,1,5,6,7,1,0,0,61,756,1,2014,0,0,0,0,1
1135,2,21282.0,76,2,2,1,2,6,0,0,42,45,0,2014,1,1,0,0,0
1250,1,74190.0,49,2,4,2,11,2,0,0,45,490,0,2014,1,0,1,0,0
2021,3,68117.0,80,2,11,8,4,6,0,1,73,312,1,2013,1,1,0,0,0
1875,3,30298.0,48,1,1,1,3,3,0,0,35,22,0,2014,0,0,0,1,0
103,3,65846.0,68,1,6,3,6,4,0,0,75,558,0,2013,0,0,1,0,0
1445,3,40304.0,82,1,2,0,3,7,0,0,53,20,0,2013,1,0,0,1,0
1443,1,77343.0,28,1,3,4,9,1,0,0,55,907,0,2014,0,0,1,0,0
1991,1,24206.0,66,1,1,0,3,6,0,0,50,18,0,2013,1,0,0,1,0
1648,3,62670.0,57,1,5,3,13,3,0,0,66,286,0,2014,1,0,1,0,0
586,3,39684.0,41,2,2,1,2,7,1,1,36,62,0,2012,1,0,0,1,0
627,2,62466.0,13,5,6,3,12,4,0,0,50,760,0,2014,1,0,1,0,0
1943,1,80872.0,60,1,4,4,10,1,0,0,69,853,0,2014,0,0,0,1,0
1696,3,38175.0,6,3,3,1,4,7,0,0,36,83,0,2013,1,0,1,0,0
1143,3,57513.0,59,2,9,3,13,6,0,0,77,325,0,2013,0,1,0,0,0
53,1,82582.0,54,1,4,9,7,1,0,1,43,1107,2,2014,0,1,0,0,0
151,1,65747.0,96,4,8,1,6,6,0,0,51,114,1,2014,1,0,1,0,0
403,3,65808.0,1,3,5,1,5,6,0,0,49,117,0,2014,2,1,0,0,0
1154,1,54450.0,0,12,9,2,8,8,0,0,64,230,0,2012,2,0,0,0,1
207,1,64497.0,17,5,11,4,9,8,0,1,66,634,1,2012,1,1,0,0,0
2173,0,26487.0,23,3,2,1,3,5,0,0,42,67,0,2013,1,0,0,1,0
1682,2,61787.0,71,1,8,4,6,5,0,0,33,698,0,2013,0,1,0,0,0
1122,2,63998.0,42,1,7,6,11,4,0,1,68,992,0,2013,0,1,0,0,0
1256,1,31454.0,40,3,2,0,3,8,0,0,60,20,0,2013,2,0,1,0,0
8,3,30351.0,19,1,3,0,2,9,0,1,46,32,0,2013,1,0,0,0,1
1014,3,28440.0,87,1,2,0,3,8,0,0,46,25,0,2013,1,0,0,0,1
2119,3,65220.0,3,4,8,4,7,6,0,1,55,392,0,2012,0,0,0,0,1
1060,2,64176.0,52,8,8,9,8,6,0,0,55,611,0,2012,1,1,0,0,0
452,2,89572.0,44,1,7,7,9,4,0,1,54,1453,2,2012,0,0,0,1,0
1675,1,49413.0,88,2,4,2,5,5,0,0,68,99,0,2013,1,0,1,0,0
253,3,63342.0,48,3,8,3,5,6,0,0,59,183,1,2012,1,0,0,0,1
1327,1,51948.0,51,2,5,2,4,5,0,0,45,229,0,2013,1,0,1,0,0
896,1,57100.0,19,1,3,3,6,3,0,0,47,228,0,2013,0,0,0,0,1
2081,2,53367.0,2,7,5,1,8,7,0,1,46,171,0,2013,2,1,0,0,0
880,1,42243.0,34,2,2,0,3,7,0,0,61,7,0,2013,2,0,1,0,0
1595,1,44512.0,57,2,1,0,3,4,0,0,60,9,0,2013,2,0,0,0,1
2170,1,26067.0,49,3,3,0,3,8,0,0,46,34,0,2013,1,0,1,0,0
623,3,34487.0,94,3,3,0,3,9,0,0,43,84,0,2012,2,1,0,0,0
345,2,33181.0,90,1,1,0,2,6,0,0,44,7,1,2014,1,0,1,0,0
143,3,68352.0,47,3,8,5,9,6,0,0,46,257,0,2013,1,0,0,1,0
1787,1,62535.0,13,1,3,2,8,3,0,0,65,235,0,2013,1,0,0,1,0
262,2,38179.0,30,4,3,1,3,7,0,0,54,52,0,2013,2,0,1,0,0
1634,1,56386.0,51,8,9,1,7,9,0,0,39,382,0,2012,2,0,0,0,1
1321,3,71604.0,3,1,8,3,5,4,0,1,75,851,1,2013,0,0,0,0,1
2013,1,48195.0,53,6,4,2,5,6,0,0,64,159,0,2014,2,0,1,0,0
1438,2,78041.0,93,1,4,4,9,2,0,0,49,837,0,2012,0,0,1,0,0
150,2,59354.0,59,1,4,4,7,3,0,0,67,164,0,2014,2,0,1,0,0
1969,1,36781.0,16,1,2,1,2,8,0,1,41,34,0,2014,1,0,1,0,0
472,3,41644.0,67,2,1,0,3,3,0,0,48,11,0,2014,2,0,0,1,0
1976,1,21994.0,4,1,0,0,3,5,0,0,63,13,0,2012,1,0,0,0,1
2011,1,28587.0,42,3,2,0,4,6,0,0,42,56,0,2014,1,0,0,0,1
1802,3,46757.0,71,6,4,4,7,9,0,0,57,366,0,2012,1,0,0,1,0
640,3,46463.0,56,7,3,1,6,6,0,0,49,72,0,2013,2,0,1,0,0
871,2,86424.0,12,1,6,9,12,1,0,0,64,839,0,2014,0,0,0,1,0
2223,1,34421.0,81,1,1,0,2,7,0,0,46,27,0,2013,1,0,1,0,0
550,2,81698.0,4,1,3,8,13,1,0,1,71,829,0,2013,0,0,1,0,0
2109,2,72217.0,93,1,3,10,8,2,0,0,58,757,0,2013,0,0,0,1,0
1959,1,72643.0,60,1,3,10,7,2,0,1,71,903,1,2013,0,1,0,0,0
488,1,76005.0,72,1,3,5,13,6,0,0,65,739,1,2013,0,0,0,0,1
1843,3,72159.0,62,1,4,6,10,2,0,0,42,1079,0,2012,0,0,1,0,0
1734,1,70321.0,6,1,6,5,13,4,0,1,73,1073,0,2013,0,0,0,0,1
146,1,23957.0,47,1,2,0,3,6,0,1,45,66,0,2012,1,0,1,0,0
1534,1,65819.0,99,1,5,4,10,3,0,0,42,1116,0,2012,0,0,1,0,0
1986,2,96547.0,4,0,7,6,8,2,0,1,40,361,3,2014,0,0,1,0,0
1369,1,21355.0,5,2,2,1,2,6,0,1,35,63,1,2013,1,0,1,0,0
2184,1,73803.0,61,2,9,5,6,6,0,1,63,695,1,2012,1,0,1,0,0
659,1,18690.0,77,1,1,1,2,8,0,0,61,54,0,2012,0,0,1,0,0
1794,1,37070.0,30,9,5,1,8,7,0,1,54,202,0,2013,2,0,0,1,0
186,1,61286.0,34,2,7,1,8,5,0,0,54,252,0,2013,1,0,1,0,0
1147,2,54197.0,16,2,1,3,6,1,0,0,60,75,0,2014,1,0,1,0,0
608,0,18978.0,41,1,1,0,3,8,0,0,47,35,0,2012,1,0,1,0,0
1930,1,25410.0,48,1,1,0,4,4,0,0,47,36,0,2013,1,0,1,0,0
197,3,46854.0,81,6,5,1,3,8,0,1,47,167,1,2014,2,0,0,1,0
293,2,35388.0,20,1,1,0,3,7,0,0,32,26,0,2013,1,1,0,0,0
766,1,33622.0,22,3,2,0,4,7,0,0,48,42,0,2013,2,0,1,0,0
400,3,55521.0,11,9,6,3,6,7,0,1,65,30,1,2013,3,0,0,1,0
122,2,19510.0,63,2,1,0,3,7,0,0,35,21,0,2013,2,0,1,0,0
202,3,40637.0,72,2,1,0,3,7,0,0,55,16,0,2013,2,0,0,1,0
835,1,34176.0,12,4,3,0,4,6,0,0,32,84,0,2014,1,0,0,1,0
1439,1,52852.0,93,4,10,7,5,8,0,0,63,165,1,2012,1,0,1,0,0
1733,3,45576.0,9,1,3,1,3,8,0,1,75,89,0,2014,0,0,0,1,0
1695,0,9722.0,7,4,3,1,3,8,0,1,47,97,0,2012,1,0,0,0,1
1707,1,60230.0,78,2,6,3,6,5,0,0,64,547,0,2013,1,0,0,1,0
2167,3,48432.0,3,5,7,1,6,8,0,0,47,102,0,2012,1,0,0,1,0
1153,1,44375.0,73,1,4,1,6,5,0,0,55,88,0,2014,1,0,1,0,0
1661,3,37929.0,49,2,4,2,5,7,0,1,35,63,2,2013,0,0,0,1,0
1759,0,28249.0,80,1,2,0,3,6,0,0,59,42,0,2014,0,0,1,0,0
854,2,44602.0,35,6,6,1,4,8,0,0,51,125,0,2014,2,0,0,0,1
1589,1,36108.0,68,3,7,1,4,9,0,0,36,198,1,2013,1,0,0,1,0
641,1,105471.0,36,0,9,8,13,3,0,1,50,715,2,2013,0,0,0,0,1
1,1,46344.0,38,2,1,1,2,5,0,0,66,16,0,2014,2,0,0,1,0
698,1,71952.0,93,2,8,4,8,4,0,0,34,787,2,2013,1,0,1,0,0
1636,2,75774.0,27,1,7,5,8,4,0,0,39,483,0,2014,1,0,0,0,1
1291,1,78569.0,14,1,4,6,4,1,0,1,74,1178,1,2014,0,0,1,0,0
2127,1,20587.0,39,1,1,1,2,7,0,0,50,23,0,2014,1,0,0,1,0
1520,3,74004.0,5,1,4,6,4,3,0,1,33,874,2,2014,0,0,0,1,0
1853,1,61825.0,56,1,4,2,8,4,0,0,41,262,0,2013,1,0,0,1,0
1136,3,33419.0,76,2,2,0,4,7,0,0,58,30,0,2013,1,0,0,1,0
2156,1,72071.0,4,3,5,4,8,2,0,0,66,807,0,2013,1,1,0,0,0
1631,2,30560.0,6,1,1,0,3,7,0,0,44,22,0,2013,1,0,0,0,1
1998,1,41638.0,68,4,5,5,3,8,0,0,56,126,1,2013,1,1,0,0,0
663,2,54690.0,76,3,3,1,5,3,0,0,49,87,0,2013,2,0,1,0,0
683,3,50611.0,98,6,4,5,7,6,0,1,60,34,1,2012,1,1,0,0,0
1257,1,47139.0,2,2,2,1,2,7,0,1,68,37,0,2014,2,0,0,1,0
317,1,64795.0,23,3,3,3,12,2,0,0,49,268,0,2013,1,0,1,0,0
648,3,50616.0,71,1,1,1,4,2,0,0,70,37,0,2014,1,0,0,0,1
1434,1,21645.0,75,3,3,0,3,9,0,1,41,51,0,2012,1,0,0,0,1
1479,3,64014.0,56,7,8,2,5,7,0,0,74,38,1,2014,3,0,0,0,1
709,2,87305.0,19,1,5,3,8,2,0,1,60,807,1,2012,0,1,0,0,0
1282,1,52531.0,68,2,7,2,10,6,0,0,49,511,0,2012,0,0,1,0,0
1768,3,28973.0,59,2,5,1,5,8,0,0,43,63,0,2012,0,0,1,0,0
972,1,53103.0,70,5,10,6,7,7,0,0,66,356,1,2013,1,0,0,0,1
1306,2,59060.0,77,3,3,1,7,4,0,0,31,239,0,2014,1,0,1,0,0
1400,1,57045.0,40,3,4,2,9,3,0,0,70,158,0,2012,1,0,1,0,0
1408,0,22634.0,47,1,2,1,2,8,0,0,54,94,0,2013,0,0,0,0,1
1496,3,49667.0,35,2,5,10,5,8,0,1,65,215,1,2012,0,0,0,1,0
2038,1,65308.0,60,1,7,8,12,4,0,0,47,498,2,2013,0,0,1,0,0
1529,3,67786.0,0,1,3,6,6,1,0,1,61,725,0,2013,0,1,0,0,0
1663,2,80141.0,20,1,7,4,10,6,0,1,34,907,1,2013,0,0,1,0,0
1354,1,53034.0,30,8,6,1,7,8,0,0,46,287,0,2013,2,1,0,0,0
2175,1,67716.0,8,4,7,4,13,5,0,0,60,486,1,2013,1,0,1,0,0
2190,0,16185.0,71,2,2,2,2,8,0,0,30,101,0,2013,1,0,0,1,0
1643,1,82014.0,48,1,3,6,12,6,0,1,59,531,0,2012,0,0,0,1,0
1051,1,72228.0,87,1,6,7,8,3,0,0,68,619,0,2012,0,0,0,1,0
795,1,34838.0,62,3,2,1,4,6,0,0,69,142,0,2013,2,0,1,0,0
1597,3,54072.0,71,1,2,0,2,8,0,0,57,4,0,2013,2,0,1,0,0
1819,2,80739.0,92,1,3,11,9,1,0,0,62,959,0,2013,0,0,1,0,0
1722,1,18690.0,77,1,1,1,2,8,0,0,61,54,0,2012,0,0,1,0,0
1183,2,78579.0,35,1,5,6,4,3,0,1,50,996,0,2012,0,1,0,0,0
1059,1,83528.0,7,1,4,10,8,1,0,1,28,1120,2,2014,0,0,0,1,0
540,1,54058.0,56,2,4,6,8,3,0,0,44,464,0,2013,1,0,0,0,1
1678,1,56534.0,35,4,10,4,7,8,0,1,52,124,2,2013,1,0,0,0,1
1757,3,36802.0,23,1,1,0,3,5,0,0,40,4,0,2014,1,0,0,1,0
1923,2,21059.0,40,3,3,0,3,6,0,0,38,36,0,2014,1,0,1,0,0
95,1,30096.0,30,1,2,0,3,6,0,0,37,40,0,2014,1,0,1,0,0
1020,0,15038.0,93,2,2,1,2,9,0,0,33,76,0,2013,1,0,0,1,0
563,2,29298.0,60,1,1,0,2,5,0,0,69,5,0,2013,2,0,0,0,1
863,3,70123.0,27,1,5,7,4,3,0,0,37,419,2,2013,0,0,0,0,1
1484,1,87679.0,62,1,7,11,10,4,0,1,32,1265,3,2013,0,0,0,0,1
1881,3,67546.0,90,1,4,10,5,3,0,0,32,1262,0,2012,0,0,1,0,0
1038,2,33168.0,0,3,2,1,4,7,0,0,55,42,0,2012,1,0,0,1,0
206,1,44794.0,99,1,2,0,3,6,0,0,54,11,0,2014,1,0,1,0,0
392,1,43824.0,18,4,3,1,4,8,0,0,49,90,0,2012,2,0,1,0,0
870,1,39922.0,30,2,3,0,4,8,0,0,37,127,0,2013,1,0,1,0,0
397,1,75276.0,2,1,9,4,9,5,0,0,55,430,0,2012,0,0,0,0,1
2144,2,30560.0,6,1,1,0,3,7,0,0,44,22,0,2013,1,0,0,0,1
1028,1,28071.0,65,2,5,1,5,8,0,0,40,274,0,2012,0,0,0,1,0
1485,1,57867.0,48,7,7,2,9,6,0,0,42,268,0,2013,1,0,0,0,1
960,1,33471.0,47,3,3,0,4,7,0,0,47,50,0,2012,1,0,1,0,0
1570,1,34935.0,71,1,2,1,4,7,0,0,28,103,0,2013,0,0,1,0,0
1895,1,45688.0,20,2,3,1,8,4,0,0,52,27,1,2014,1,0,1,0,0
804,1,21359.0,1,2,2,0,3,8,0,1,48,36,0,2013,1,0,0,1,0
1751,2,62905.0,68,3,7,2,8,4,0,0,56,456,0,2013,1,0,1,0,0
502,1,65665.0,77,1,5,10,8,3,0,0,44,720,0,2013,1,0,1,0,0
779,2,17144.0,96,5,3,0,4,7,0,0,60,29,0,2014,2,0,0,0,1
1863,1,44503.0,83,2,2,0,3,6,0,0,48,17,0,2014,2,0,0,1,0
200,1,63693.0,63,3,11,6,9,6,0,0,42,563,0,2013,1,1,0,0,0
2088,1,54252.0,25,5,4,1,5,6,0,0,64,86,0,2013,2,0,0,1,0
1796,1,53977.0,21,5,5,5,12,5,0,0,62,287,0,2013,1,0,0,0,1
378,1,27421.0,14,3,4,1,6,7,0,0,66,281,0,2012,0,1,0,0,0
418,2,18492.0,75,1,1,0,2,8,0,0,38,8,0,2014,1,0,0,0,1
1698,1,52117.0,55,2,5,2,4,7,0,0,55,167,0,2012,1,0,0,0,1
391,3,68682.0,56,1,4,9,10,2,0,0,29,679,0,2013,0,0,0,0,1
1522,2,57036.0,33,4,6,3,13,9,0,0,45,342,1,2012,1,0,1,0,0
1162,1,81657.0,69,1,3,4,8,1,0,0,51,733,0,2014,0,0,0,1,0
1495,2,54108.0,74,13,8,2,9,8,0,0,47,208,0,2012,2,0,1,0,0
2027,1,75330.0,94,4,10,3,12,6,0,0,43,554,0,2012,2,0,1,0,0
1152,1,57304.0,61,2,7,6,10,5,0,0,69,670,0,2013,1,0,1,0,0
1367,1,48904.0,1,4,7,2,4,8,0,0,60,88,0,2012,1,0,0,1,0
64,1,70666.0,29,1,7,4,4,4,0,0,72,678,0,2013,0,0,0,0,1
2062,1,71866.0,85,1,6,3,10,3,0,0,64,531,0,2013,1,0,1,0,0
1180,3,62000.0,25,1,6,6,13,4,0,0,68,121,1,2013,1,0,0,1,0
492,1,55563.0,22,1,2,0,3,3,0,0,42,14,0,2014,1,1,0,0,0
379,2,35688.0,94,7,4,1,4,8,0,0,47,138,0,2012,3,0,1,0,0
763,1,72063.0,3,2,5,2,12,2,0,0,41,578,0,2013,1,0,1,0,0
791,1,73926.0,54,1,6,5,12,3,0,0,47,953,0,2013,0,0,0,0,1
1076,1,40479.0,95,1,0,0,3,4,0,0,38,10,0,2013,1,0,0,0,1
878,3,82072.0,67,1,3,2,13,1,0,0,50,1129,0,2013,0,0,0,0,1
337,1,41411.0,11,1,2,1,4,6,0,0,34,102,0,2013,0,1,0,0,0
1016,2,33564.0,51,1,1,1,3,5,0,0,54,10,0,2014,1,0,0,0,1
1275,3,37633.0,49,2,1,0,3,9,0,0,63,25,0,2012,2,0,1,0,0
455,2,66664.0,78,1,5,7,6,3,0,0,38,891,0,2012,0,0,0,0,1
815,1,57091.0,0,1,7,3,7,5,0,1,59,113,1,2014,0,0,0,1,0
995,2,56337.0,25,5,8,5,4,8,0,1,39,375,2,2013,2,0,1,0,0
1981,3,72968.0,8,1,5,5,8,3,0,1,57,866,1,2013,0,1,0,0,0
201,3,102160.0,54,0,7,9,10,4,0,1,43,477,3,2012,0,0,0,0,1
161,3,70356.0,20,2,10,6,9,6,0,0,75,357,0,2012,0,0,1,0,0
1579,1,61482.0,39,1,3,2,6,2,0,0,55,251,0,2014,0,0,1,0,0
702,2,35178.0,10,1,1,1,2,7,0,1,49,36,1,2013,1,0,1,0,0
1500,3,78931.0,19,1,2,8,13,1,0,0,49,612,0,2013,0,0,1,0,0
1129,3,36778.0,63,3,3,0,3,9,0,0,52,48,0,2012,2,0,1,0,0
1021,3,32173.0,0,1,1,0,3,4,0,0,62,4,0,2013,1,1,0,0,0
1585,2,45143.0,74,3,6,1,5,7,0,0,55,109,0,2013,1,0,0,0,1
1955,1,48877.0,27,1,3,0,4,7,0,0,54,42,0,2014,1,1,0,0,0
34,2,68657.0,4,1,3,5,9,7,0,0,74,714,0,2013,0,0,1,0,0
775,1,20587.0,39,1,1,1,2,7,0,0,50,23,0,2014,1,0,0,1,0
1478,2,79419.0,96,1,4,6,4,2,0,0,50,880,0,2014,0,0,0,0,1
1390,2,63841.0,64,1,9,3,9,6,0,0,52,273,0,2013,1,1,0,0,0
2139,3,42769.0,15,2,1,1,4,4,0,0,58,17,0,2013,1,0,1,0,0
1363,2,50523.0,89,2,2,0,4,6,0,0,60,40,0,2013,2,0,0,0,1
2041,1,32871.0,28,1,1,0,3,4,0,0,69,21,0,2013,2,0,1,0,0
241,1,61074.0,37,7,11,5,8,7,0,0,62,313,0,2012,1,0,1,0,0
2061,1,54591.0,63,3,6,2,8,5,0,0,71,143,0,2013,1,0,0,0,1
600,2,49618.0,77,4,3,1,3,7,0,0,54,49,0,2013,2,0,0,0,1
1297,1,60894.0,61,5,10,3,8,7,0,0,54,226,0,2013,1,0,0,0,1
2068,0,22123.0,77,1,2,1,3,5,0,0,60,99,0,2014,0,1,0,0,0
646,1,29103.0,38,2,1,0,3,9,0,0,35,32,0,2012,1,0,0,0,1
1528,1,9255.0,91,1,1,1,2,8,0,0,31,13,0,2013,1,0,0,1,0
1267,2,23748.0,97,3,2,1,3,8,0,0,52,70,0,2012,1,1,0,0,0
1899,1,35701.0,36,1,1,0,3,6,0,0,61,25,0,2013,0,0,1,0,0
562,1,66565.0,80,4,4,2,9,8,0,0,58,318,0,2012,1,0,0,1,0
189,0,24882.0,52,1,1,1,2,6,0,0,42,79,1,2012,1,0,0,0,1
1806,3,21840.0,80,1,1,0,3,9,0,0,37,10,0,2013,1,0,0,0,1
975,2,33462.0,78,1,2,0,3,7,0,0,41,32,0,2013,1,1,0,0,0
2047,1,71128.0,80,3,2,10,12,7,0,0,47,657,0,2012,1,1,0,0,0
1082,3,71691.0,0,1,4,7,5,2,0,1,62,856,0,2014,0,0,0,1,0
474,3,62010.0,93,4,6,2,7,5,0,0,48,159,0,2012,1,0,1,0,0
747,1,75507.0,56,1,8,6,6,3,0,0,41,731,0,2014,0,0,0,0,1
21,1,2447.0,42,15,0,28,0,1,0,0,41,1729,0,2013,1,0,1,0,0
459,1,80124.0,47,1,3,7,8,1,0,0,57,1012,1,2014,0,0,1,0,0
1184,2,67369.0,81,4,7,4,10,4,0,1,51,163,2,2012,1,1,0,0,0
955,2,41021.0,12,2,2,0,3,6,0,1,51,50,0,2012,1,0,0,0,1
1215,2,77297.0,84,1,5,7,9,4,0,0,63,381,1,2013,0,1,0,0,0
1515,3,37401.0,14,2,2,0,3,7,0,0,47,29,0,2014,1,0,1,0,0
769,3,40760.0,64,2,2,1,3,6,0,0,55,23,0,2013,1,0,0,1,0
1685,1,18222.0,70,1,2,0,3,8,0,0,30,55,0,2012,0,0,1,0,0
130,1,62998.0,10,5,5,4,5,5,0,0,68,343,0,2013,1,0,1,0,0
2135,1,78499.0,12,1,11,3,4,4,0,1,63,422,1,2013,0,0,0,1,0
1482,3,60585.0,17,10,7,4,9,5,0,1,49,469,0,2013,2,0,1,0,0
330,2,35178.0,10,1,1,1,2,7,0,1,49,36,1,2013,1,0,1,0,0
1238,1,1730.0,65,15,0,0,0,20,0,0,49,7,0,2014,0,1,0,0,0
466,1,61456.0,47,4,6,10,13,4,0,0,45,825,0,2013,1,0,1,0,0
2169,1,38946.0,84,2,3,1,6,5,0,0,65,141,0,2013,1,0,0,0,1
1638,2,58494.0,56,2,6,2,6,6,0,0,46,98,0,2013,1,0,1,0,0
1095,1,38508.0,95,6,7,2,5,8,0,0,34,323,0,2013,1,0,1,0,0
1130,3,85696.0,88,1,4,6,9,1,0,1,58,599,0,2013,0,1,0,0,0
1294,2,23148.0,83,1,2,0,3,7,0,0,35,33,0,2014,0,0,1,0,0
860,2,19485.0,80,1,1,0,2,7,0,0,34,4,0,2013,2,0,0,1,0
